ID,TARGET
43145,0
10188,0
31755,1
4081,0
32314,0
2783,0
43821,0
39818,0
36129,0
26878,0
15238,0
4638,0
8965,0
53568,0
48912,0
13996,0
47819,0
41108,0
49869,0
5059,0
13402,0
43368,1
38909,0
36250,0
21712,0
29548,0
52388,0
20046,1
22118,0
1122,1
42406,1
44788,0
10821,1
24462,0
17101,0
5051,0
49764,0
30553,0
52547,1
3168,1
39705,0
17710,0
988,0
4529,0
7666,0
35179,0
26266,0
7279,0
41547,1
1361,0
44921,0
45413,0
25301,0
19576,0
33037,0
18204,0
2213,1
2106,0
23581,0
5522,0
17102,0
43799,0
17810,0
27799,0
5305,0
10651,0
14869,0
15676,0
9539,0
45496,0
10959,0
1487,1
29533,0
20824,0
8083,0
52957,1
5677,0
13178,0
49084,0
53107,1
44487,0
20512,0
18939,0
15545,0
1667,0
49654,0
32989,0
9363,0
46251,0
38079,0
30982,0
3869,0
2345,0
23216,0
18497,0
53600,1
17344,0
12161,0
6433,0
32937,0
31881,0
17985,0
1706,0
16239,0
48014,0
8991,0
35373,0
45347,0
49071,0
53929,1
40483,0
19051,0
269,0
21696,0
11012,0
8009,0
5853,0
4490,0
51617,1
19382,0
30298,0
25336,0
686,0
42639,0
44353,0
17604,0
51611,0
25998,0
51346,0
46684,0
12600,0
11218,0
7200,1
41475,0
16705,0
45221,0
33710,0
33866,0
33720,0
19233,0
7435,0
21661,0
27027,0
28222,0
52902,1
52315,1
1275,0
14613,0
51520,1
47664,0
16971,0
15043,0
1307,0
21183,0
38341,1
23404,0
223,0
26911,0
54331,1
24380,0
12967,1
48797,0
37351,0
42100,0
8270,1
32492,1
10542,0
40966,0
17958,0
26922,0
53202,1
1049,0
46947,0
14033,0
24657,0
45101,0
34463,0
45004,0
16600,0
25524,0
51349,0
46825,0
33319,0
46572,0
40512,0
16131,0
22386,0
24152,0
29839,0
54662,1
49791,0
47233,0
32410,0
6855,0
12126,0
5524,0
37860,0
27371,0
15309,0
46712,0
9988,0
34657,0
38607,0
21027,0
50524,1
41992,0
31579,0
27142,0
46148,0
2575,0
35800,0
38925,1
25580,0
11287,0
8879,0
10680,0
12315,0
36953,0
37550,0
31390,0
36634,0
26688,0
21342,0
19759,0
13534,1
4894,1
15231,0
46030,0
30025,0
10698,0
353,0
52052,1
5785,0
32413,0
34910,0
27202,0
12727,0
53424,1
20398,0
40367,0
386,0
884,1
42669,0
9904,0
47237,0
2889,0
34331,0
51217,1
38885,0
3708,0
4186,0
46654,0
48994,0
28576,1
462,0
781,0
50847,1
18643,0
4654,0
43457,0
10472,0
12151,0
40312,0
50031,1
23827,0
50148,1
24650,0
42856,0
42181,0
3106,0
52565,1
10347,0
3194,0
5133,0
51234,0
35784,0
30639,0
52301,0
49835,0
16726,0
1068,0
6386,0
27390,0
27697,0
1466,0
27158,0
32641,0
10280,0
51408,1
1377,1
34929,0
20778,0
19290,0
31003,0
21459,0
29554,0
3494,0
23652,0
36611,0
4258,0
21666,0
48359,0
665,0
16821,0
37844,0
20756,0
12504,0
19571,0
33456,0
25457,0
45948,0
50704,1
37289,0
11385,0
22744,0
39262,0
53607,1
9863,0
41413,1
2691,0
47369,0
2185,1
21315,1
53229,0
53188,1
54926,1
39278,0
21401,0
8174,0
5048,0
3230,1
49362,0
30366,0
14017,0
25396,0
22108,0
39784,0
24638,0
21499,0
47963,0
45487,0
26277,0
42144,0
28845,0
4953,0
54589,1
48363,0
34357,0
11999,0
35518,0
15477,1
654,0
33611,1
12623,0
44116,1
3677,0
12769,0
19152,0
7388,0
8962,0
3431,1
19192,0
15871,0
30082,0
44294,0
19796,0
33583,0
18915,0
27369,0
41286,0
12601,0
10044,0
6325,0
50438,1
10718,0
40146,0
43886,0
7738,0
51384,0
46981,1
48845,0
22811,0
23108,0
32566,0
10682,0
8570,1
33200,0
24492,1
6735,0
38165,0
19517,0
34109,0
18203,1
23849,0
16222,0
26675,0
29824,0
22519,0
53321,1
17218,0
40920,0
8633,0
2847,0
4053,0
52002,1
35277,0
54628,0
7948,0
16852,1
46563,1
43957,0
5001,0
11087,0
14351,0
13699,0
18728,0
14380,0
31647,0
53937,1
28454,0
39969,0
9197,0
47493,0
36069,0
25623,0
32128,1
43586,0
413,0
20842,0
4316,0
17939,0
27248,0
9584,0
35549,0
49670,0
3097,0
52390,1
52306,1
34628,0
36569,0
28551,0
42259,0
39395,0
29472,0
40617,1
20637,0
11981,0
42067,0
4221,0
33963,0
13214,0
38751,0
21126,0
43119,0
36193,0
20729,0
32124,0
51190,1
1183,0
656,0
30299,0
50073,1
53309,0
12425,1
15367,0
50127,0
8818,0
28738,0
43721,0
18069,0
19016,0
5684,0
20841,0
19574,0
45525,0
49665,0
8160,0
52719,1
50520,0
10639,0
18594,0
97,0
17028,0
2750,0
15278,0
33206,0
19629,0
38405,0
41336,1
42920,0
31264,0
19457,0
22195,0
17137,0
6128,0
9536,0
21548,0
15484,0
15692,0
21307,0
2763,0
17732,0
30840,0
38171,0
19399,0
16928,0
13492,0
13774,0
20421,0
11747,0
54903,1
18766,0
32068,0
43200,0
52729,0
31170,0
46236,0
15270,0
22307,0
48057,0
44231,1
7591,0
11774,0
43798,0
12910,0
35151,1
27173,0
4716,0
39786,0
11705,0
24423,0
50048,1
12388,0
24410,0
32004,0
34383,0
6517,0
26749,0
6966,0
48013,0
31582,0
25942,0
44730,0
26021,0
34494,0
30158,0
37452,0
40472,0
39183,0
50639,0
26221,0
14807,0
8256,0
7875,0
2191,1
37349,0
6537,0
8870,0
12066,0
40794,0
24075,0
431,0
52662,0
848,1
39092,1
47934,0
52173,1
18441,0
14804,1
10001,0
78,0
28095,0
33275,0
11990,0
26108,0
12631,0
10577,1
50417,1
12380,0
32373,0
2601,0
33942,1
29837,0
34509,0
45957,0
4279,0
4929,0
30850,0
3118,0
29783,0
8878,0
11608,0
48605,1
35313,0
28922,0
5226,0
7885,0
7090,0
13018,0
1285,0
4329,0
50268,1
48068,0
52094,0
42892,0
23959,0
42272,0
14671,0
24068,0
21285,0
25248,0
40833,0
20624,0
13671,1
31780,0
15987,0
10538,0
1206,0
29622,0
33938,0
825,0
2959,0
50132,1
6474,0
10443,0
21080,0
17508,0
41684,0
12690,0
18505,0
44826,0
51842,0
38497,0
6650,0
17040,0
264,0
29595,0
15703,1
17931,0
20401,0
24390,1
2914,0
50063,0
32225,1
46663,0
38490,1
16247,1
30536,0
15832,0
7974,0
3513,0
38727,0
2486,0
48837,0
50929,1
49337,0
39480,0
1168,0
5934,0
26936,0
50440,1
4219,0
22580,0
7413,0
33389,0
19131,0
17949,0
53561,1
15641,0
24508,0
9553,0
5636,0
36782,0
31383,0
27168,0
34496,0
41138,0
26406,1
5556,0
15018,0
42349,0
36067,0
30396,0
46604,1
17523,1
45569,0
36423,0
3043,0
30956,0
12123,1
39325,0
27927,1
19644,0
32577,0
2352,0
36001,0
7296,0
49913,1
13208,0
11790,0
42552,0
14670,0
46205,0
4828,0
30252,0
27204,0
47787,0
52790,1
47918,0
15560,0
19623,0
4214,0
20697,0
47771,0
43163,0
40209,0
47389,0
16506,0
26447,0
12280,0
11532,0
21847,0
23258,0
38472,0
26200,0
48856,0
16832,0
40915,1
53877,1
35319,0
4919,0
29804,1
31773,0
34951,0
1612,0
17530,0
22756,0
26864,0
19685,1
13594,0
19530,0
16467,0
10316,0
30619,0
9020,0
3812,0
28463,0
36845,0
54067,1
48257,0
30393,1
15722,0
39126,1
26122,0
32093,0
13788,0
3857,0
16555,0
39322,0
7747,0
46191,1
35529,0
8099,0
19231,0
28181,0
26345,0
39665,0
19624,0
51175,0
8876,0
23539,0
38966,0
45031,0
40906,0
21140,0
10273,0
40212,0
27572,0
18871,0
21718,0
22143,0
11786,0
5933,0
25498,0
26873,0
38069,0
4887,0
34597,0
995,0
1616,0
53422,1
23205,0
43449,0
39410,0
28729,0
38881,0
18804,0
31021,0
48028,0
25187,0
49421,0
6938,0
50433,1
30080,0
15532,0
32326,0
16268,0
43919,0
30577,1
28352,0
29422,0
8177,0
37950,0
38991,0
32625,0
3503,0
48970,0
25339,0
24919,0
3903,0
15961,0
7746,0
14088,0
11883,0
34802,0
25432,0
30641,0
26439,0
32494,0
13024,0
32442,0
32296,0
54729,1
1354,0
16966,0
2444,0
14723,0
22641,0
13160,0
18494,1
897,0
28526,0
7564,0
47259,0
14754,0
19186,0
50040,0
46984,0
1331,0
35998,0
1787,0
33990,0
2895,0
45581,0
19965,0
19573,0
1856,0
10139,0
32575,0
44351,0
8363,0
45668,0
37259,0
36704,0
42011,0
33779,0
3075,0
33140,1
45030,0
21017,0
30637,0
52279,1
39383,0
13845,0
23723,0
1732,0
20447,0
3429,0
30229,1
54245,0
14933,0
2431,0
7396,0
32739,0
43750,0
22502,0
39319,0
51593,1
30703,0
17276,0
32042,0
19164,0
36677,0
18348,0
21363,0
2285,0
27065,0
5251,0
23576,0
9906,0
6171,0
23215,0
38110,0
13721,0
43013,0
3217,0
38953,0
21736,0
24302,0
26450,0
16086,0
33226,0
34016,0
32072,0
5924,0
13276,0
36157,0
4998,0
1782,0
42235,0
20484,0
13086,0
44986,0
33894,0
12915,1
47885,0
23565,0
35504,0
53032,1
10163,1
3146,0
53609,1
10801,0
54329,1
30098,0
54851,0
39303,1
17086,0
13515,0
34790,0
40747,0
33400,0
54211,1
24355,0
34510,0
40194,0
3946,0
46362,0
12261,1
53239,1
15445,0
20142,0
4899,0
18359,0
15083,0
43491,0
23546,0
13212,0
29627,0
51864,1
24935,0
15773,0
45654,0
40373,0
36429,0
25198,0
10301,0
34340,0
40466,0
27344,0
31446,0
41226,0
27472,0
11469,0
2252,0
43802,0
20386,0
35251,0
34480,0
52539,1
11188,0
41644,0
40031,0
24643,0
33420,0
13002,0
53393,1
47224,0
50877,1
45053,0
10370,0
10500,1
46306,0
16440,0
54873,0
42795,0
14149,0
1020,0
45070,0
47622,0
24427,0
37958,0
27778,0
35141,0
51926,1
39191,0
3129,0
1083,0
34270,0
14291,0
22187,0
25566,0
31746,0
32619,0
14990,0
34003,0
25579,0
34377,0
37565,0
19245,1
30467,0
5210,0
46602,0
3108,0
34191,1
35205,0
42264,0
3249,0
9922,0
6683,0
34491,0
49726,0
15851,0
35082,0
16178,0
51535,1
13497,0
49428,0
15150,0
18428,0
52665,0
54985,1
730,0
45339,0
31465,1
31197,0
6207,0
2121,0
42353,0
6054,0
21577,0
51729,1
15016,0
52362,1
42004,0
2556,0
42859,0
33770,0
40257,0
36170,1
46476,0
46138,0
20967,0
9471,0
13288,0
41501,0
16164,0
50017,1
49641,0
15931,0
42686,0
34249,0
17664,0
19674,0
20903,0
47387,0
44008,0
1532,0
14818,0
12783,0
6792,0
21216,0
23323,0
4292,0
8393,1
319,0
53976,1
54313,1
18232,0
4666,0
17537,0
48286,0
12591,0
22808,0
36382,0
26206,0
42229,0
43294,0
29379,0
14861,0
22532,1
45917,0
12100,0
3538,0
27787,0
9503,0
26360,0
15453,0
22326,0
45789,0
51078,1
9604,0
28080,0
37387,0
49778,0
13539,0
26744,0
3818,0
16139,0
3303,0
25059,0
40128,0
29380,0
22538,0
31633,0
25917,0
49244,0
10390,0
47460,0
25054,0
4109,0
5316,0
33052,0
20908,0
25638,0
30828,0
31228,0
6034,1
1242,0
36955,0
37466,0
10912,0
16193,0
28271,0
21358,1
17485,0
18712,0
4487,0
11204,0
19673,0
3927,0
24167,0
401,0
32628,0
45019,0
16892,0
4261,0
32916,0
34008,0
6557,0
16489,0
43574,0
33726,0
13027,0
36372,0
4992,0
20880,0
11911,0
36560,1
46146,0
24453,0
23669,0
38218,0
19583,0
37712,0
24941,0
42695,0
25634,0
51379,1
18302,0
43982,0
27849,0
24412,0
27320,0
31913,0
24593,0
50015,0
29234,0
31725,1
41006,0
47911,0
52972,1
21045,0
15386,0
45084,0
17764,0
42102,0
54918,1
15120,0
948,0
44659,1
34551,0
53657,1
53596,1
26128,0
23739,0
49196,1
12754,0
34778,0
14404,0
39265,1
18477,0
2479,0
8985,0
44026,0
23081,0
13451,0
32416,0
35437,0
17677,0
36411,0
15900,0
9213,0
15517,0
6217,1
50029,1
21975,0
15054,1
12226,0
19155,0
33173,0
13756,0
32624,0
18581,0
52419,0
45600,0
14983,0
17878,0
7103,0
7498,0
39290,0
15960,0
53788,1
40911,0
10807,0
50426,1
40707,0
8761,0
24450,0
21391,0
29925,0
28877,0
13700,1
6688,0
34715,0
36756,0
36221,0
44488,0
39046,0
49732,0
19614,0
7041,0
5681,0
35271,0
16425,0
3589,0
12067,0
20369,0
30289,0
33304,0
33423,0
44890,0
53357,1
14242,0
46166,0
45820,0
24506,0
52551,1
7292,0
54299,1
7872,0
44816,0
18982,0
32655,0
50769,1
9284,0
53879,1
14492,0
38085,0
11187,0
45680,0
41517,0
26706,0
31642,0
54664,0
28926,0
37361,0
12533,0
30418,0
38443,0
26316,0
53125,1
30928,0
26770,0
21683,0
33120,0
22774,0
47360,0
16241,0
8667,0
8860,0
47782,0
24353,1
29357,0
24838,0
52149,1
31191,0
38941,1
8840,0
32059,0
17477,0
6524,0
34583,0
32668,0
42826,0
9053,0
31118,1
40643,0
1393,0
34676,0
18897,0
20594,0
41713,0
5512,0
44162,0
48147,0
20818,1
49274,0
14982,0
29271,0
8194,0
1831,0
44357,0
38037,0
23136,0
50062,1
19284,1
4176,0
44061,0
52025,1
31977,0
8374,0
15486,0
30279,0
52068,1
49542,0
11631,0
50750,1
40024,0
51325,1
5549,0
44206,0
9819,0
17202,0
31809,1
14844,0
30867,0
19089,0
41288,1
40376,0
6402,0
48229,0
1834,0
27096,0
16756,0
2676,0
449,0
12221,0
39976,0
21280,0
36048,0
40553,0
2694,0
33399,0
2289,0
29973,0
7340,1
43221,0
19998,0
13768,0
30845,0
28543,0
41422,0
28897,0
22030,0
36644,0
43988,0
12586,0
12764,0
18896,0
1738,1
18313,0
4916,0
44113,0
25071,0
16488,0
33783,0
48083,0
50482,1
31591,0
12141,0
4567,0
20591,0
41739,0
47804,0
18921,0
46413,0
20622,0
30858,0
6021,0
4007,0
17614,0
43564,1
36773,0
11757,0
31884,0
12228,0
46913,0
22846,0
38009,0
7916,1
2953,0
23895,0
19440,0
9614,0
54085,1
53154,1
280,0
35851,0
49961,0
7360,1
12862,0
5191,0
18405,0
30640,0
53854,1
9051,0
32678,0
34641,0
15171,0
29680,0
43766,0
28400,0
21980,0
51289,1
39317,0
23218,0
9939,0
24472,0
42167,0
46696,0
14854,0
52652,1
34761,0
7257,0
44048,0
1969,0
24772,0
32855,0
39886,0
27447,0
28290,0
26992,0
37816,0
18377,1
32552,0
51018,0
2646,0
17099,0
17904,0
50423,1
48397,1
31846,0
4847,0
54328,0
37759,0
10087,0
8091,0
36387,0
10598,1
38363,0
14596,0
37218,1
29643,0
40982,0
10243,0
37453,0
11611,0
37923,0
278,0
9488,0
41443,0
46527,0
15509,0
53678,1
1338,0
23125,0
28908,0
29457,0
22263,0
4464,0
53651,1
54109,1
38170,0
27116,0
11742,0
33429,0
46862,0
49068,0
29116,0
18999,1
24307,0
46876,0
2630,0
39113,0
54913,0
26907,0
31258,0
51897,0
5400,0
31530,0
27747,0
47270,0
7851,0
38487,0
38541,0
7347,0
14379,0
50595,1
20132,0
16960,0
45367,0
5424,0
12502,0
49432,0
41906,0
8819,0
43241,0
27682,0
48864,0
30091,0
42758,1
7589,0
33171,0
870,0
2652,0
23250,0
18884,0
10146,0
46218,0
41695,0
42371,0
8630,0
8371,0
15117,0
54047,0
39496,0
20457,0
49939,0
18488,0
34069,0
41927,0
48155,0
12393,0
10454,0
43087,0
15685,0
28709,0
15638,0
23054,0
19351,0
23799,0
31161,0
28199,0
8548,0
6445,0
7071,0
20097,0
47416,0
43153,0
29082,0
9303,1
211,0
18694,1
31087,0
24828,0
6233,0
43523,1
34269,0
36121,0
39475,0
47065,0
9930,0
27137,0
46649,0
40080,0
50813,1
8146,0
18569,0
28850,0
11217,0
3561,0
53780,0
16482,0
25930,0
32469,0
48879,0
26046,0
47187,0
2904,0
24670,0
27181,0
47160,0
34495,0
46157,0
35228,0
2368,0
3633,0
27835,0
15040,0
28363,0
37086,1
12813,0
3697,1
1711,0
42206,0
11514,0
35150,0
32923,0
19559,0
43388,0
9508,0
42221,0
35916,0
23939,0
22402,0
21110,0
1461,0
13091,0
15573,0
34787,0
12844,0
44250,0
50940,1
25000,0
45930,0
33232,0
28914,0
1229,0
34369,0
16060,0
35811,1
801,0
27228,0
50774,1
12076,0
48799,0
42324,0
32193,1
35858,0
28175,1
51106,1
52254,0
2728,0
49558,0
617,0
42023,0
40437,0
50754,1
31676,0
28875,0
41783,0
20273,0
14511,0
48606,0
50605,1
34547,1
29993,0
43754,0
1945,0
33941,0
16501,0
19766,0
47163,0
30871,0
49400,0
46070,0
42019,0
20883,0
22868,0
687,0
16766,0
3554,0
21044,0
6857,0
51553,1
11548,0
51997,0
34164,0
2833,0
573,0
25870,0
52838,1
24596,0
22454,0
41589,1
38739,0
6318,0
37375,0
34556,0
27193,0
1140,0
53062,1
16387,0
11397,0
35942,0
35369,0
14298,0
7593,0
48045,0
388,0
32420,0
7495,0
49149,0
28100,0
53812,1
964,0
46711,0
33994,0
31291,0
5089,1
31795,0
30274,1
23992,0
24116,0
19693,0
38233,0
13248,0
50117,1
23047,0
54019,1
14321,0
11692,0
30216,0
31263,0
22975,0
20827,0
10382,0
23532,0
40489,0
4312,0
32145,0
18126,1
46361,0
44384,0
22097,0
31978,0
48235,0
33504,0
23104,0
36374,0
634,0
22174,0
41474,0
21867,0
35530,0
5333,0
22539,0
22361,0
20037,0
42820,0
3320,0
23977,0
29460,0
50837,1
28696,0
38203,0
41431,0
45955,0
21282,0
18233,0
54530,0
23094,0
23357,0
8605,0
41406,0
47057,0
9169,0
13250,0
12767,0
45706,0
34906,0
17582,0
13960,0
33763,0
6105,0
51703,1
19370,1
41307,0
21957,0
25534,0
22963,0
4635,0
2962,0
6439,0
8735,0
39028,0
20469,0
6315,0
11906,0
3325,0
40296,1
4861,0
37249,0
28183,0
50608,1
975,0
1318,0
35248,1
7082,0
48760,0
34793,0
44688,0
2804,0
30273,0
47677,0
7804,0
48375,0
20279,0
2265,0
11393,0
50528,1
3543,0
34288,0
13487,0
20471,0
48939,0
54240,1
44387,0
38506,0
20503,0
30155,0
39955,0
9224,0
34874,0
31450,0
25669,0
19198,0
7954,0
3044,0
24756,0
11538,0
50408,0
43187,0
3231,0
3743,0
41509,0
17314,0
50108,1
52450,0
43263,0
53372,1
48964,0
3215,0
39362,1
32219,0
49902,0
13348,0
54239,1
13343,0
52270,1
46141,0
28994,0
32845,0
42999,0
30020,0
45468,0
19612,0
29021,0
33638,0
10378,0
7478,1
3380,0
12721,0
25777,0
20364,0
54432,0
13829,0
33106,0
23950,0
44707,0
5580,0
22046,0
26019,0
47958,0
45887,0
45294,0
24929,0
31462,0
2854,1
1356,0
44858,0
49463,0
18879,0
21672,0
18237,0
36226,0
9570,0
31879,0
2144,0
44701,0
37903,0
53853,1
18597,0
24985,0
23792,0
39102,0
22665,1
39621,0
16912,1
43445,0
41929,0
33111,0
5030,0
19266,0
28873,0
14512,0
2867,0
5903,0
30729,0
45694,0
50957,1
23898,0
15893,0
21741,0
30804,0
5200,0
4134,0
35331,0
20595,0
5341,0
3144,0
7437,0
28137,0
29049,0
47131,0
50557,1
24522,0
11027,0
42601,0
19637,0
16794,0
24240,0
11543,0
36452,0
41245,0
11723,0
14315,0
47311,0
22728,0
17347,0
16531,0
31719,0
10922,0
36585,0
37576,0
40703,0
20047,0
39625,0
14995,0
39064,0
46252,0
45111,0
5704,0
30258,0
9192,0
12819,0
5245,0
12052,0
26335,1
32085,1
44159,1
49026,0
46316,0
28571,0
53653,0
17930,0
50931,1
3539,1
33395,1
30472,0
33331,0
31506,0
15289,0
38489,0
17189,0
21585,0
25920,0
14527,0
18824,0
5567,1
20402,0
13046,0
50818,0
52842,1
29660,0
39999,0
40213,0
15034,0
6552,0
48323,0
54788,1
47792,0
17157,0
16092,0
28961,0
155,0
5980,0
49694,0
2518,0
19871,0
14200,0
41417,0
37292,0
31410,0
12531,0
37809,0
50815,0
894,0
9957,1
15437,0
46537,0
35003,0
11686,0
41483,0
52111,1
2761,1
35161,0
51178,1
48950,0
41210,0
16769,0
40726,0
4537,0
43973,0
44521,0
43725,1
38236,0
42056,0
9256,0
28848,0
803,0
2882,0
32329,0
49997,0
14764,0
35540,0
48563,0
42120,0
46424,0
35247,0
3808,0
1441,0
23600,0
15552,0
14975,0
7649,0
16019,0
30153,0
5385,0
19215,0
54063,0
50998,0
45804,0
38433,0
50352,0
5699,0
37333,0
9573,0
19238,0
14427,1
35240,0
17872,0
49689,0
21071,0
13182,0
16549,0
28821,1
10930,0
38586,0
38319,0
5664,0
22477,0
18521,0
8781,0
42574,0
23682,0
15429,0
728,0
12511,0
13631,1
51165,1
53960,0
37713,0
50806,0
51783,1
7742,0
51368,1
35831,0
3953,0
8005,0
39485,0
40956,0
46635,1
2291,0
3402,1
36358,0
1044,0
44177,0
51256,1
53643,0
17641,0
8205,0
52078,1
15604,0
5474,0
19059,0
13174,0
24870,0
15962,0
606,0
45043,0
26407,0
4661,0
24394,0
19513,0
40698,1
8646,0
46631,0
45555,0
28814,1
49866,0
54614,1
297,1
41576,0
36152,0
8120,0
26832,0
46581,0
54763,1
52292,1
4659,0
32584,0
5940,0
29864,0
18671,0
110,0
878,0
26467,0
30059,0
16574,0
50379,1
12375,0
39393,1
19563,0
7820,0
49135,0
22864,0
4656,0
14371,0
47434,0
21914,0
48610,0
11909,0
54518,1
17355,0
21772,0
1628,0
40713,0
11976,0
45251,1
46427,0
5160,0
25434,1
14549,0
36561,0
34085,0
12799,0
43820,0
51113,1
26066,0
48996,0
7118,0
1454,0
12025,0
6761,0
42164,0
24478,0
36549,0
25936,0
5855,0
31183,0
26817,0
13740,0
18351,0
24464,0
37932,0
12148,0
26613,0
42326,0
23016,0
50204,1
32025,0
42252,0
22070,0
44268,0
43111,0
53668,1
41285,0
19486,1
46551,0
43933,0
38556,0
32033,0
28915,0
3414,0
11174,0
18612,0
48898,0
50481,0
49028,0
47663,0
36235,1
52583,0
7739,0
52243,1
19651,0
6203,0
37364,0
49505,0
39293,0
54258,1
17639,0
11518,0
6459,0
3571,0
2782,0
45268,0
36265,0
15823,0
37934,0
31002,0
31737,0
37720,0
54838,1
38227,0
22634,0
45394,0
11878,0
11353,0
27842,0
9698,0
35563,0
37897,0
2226,0
40351,1
11619,0
34119,0
14879,0
32958,0
35921,0
19280,0
39697,0
14517,0
31865,0
31848,0
31926,0
36887,0
32278,0
47277,0
5168,0
21796,0
16151,0
8677,0
31139,0
5477,0
7230,0
1974,0
13619,0
52561,0
30681,0
37457,0
35711,0
11609,0
32000,0
1389,0
48779,0
38352,0
33337,0
6030,0
22965,0
42137,0
11998,0
25216,0
7259,0
51814,1
48873,0
4384,1
43608,0
18841,0
24402,0
32337,0
51799,1
40123,0
23083,0
20680,0
23380,0
25715,1
25379,0
28920,0
46917,0
3866,0
50156,1
15030,0
24680,0
29292,0
43021,0
15702,0
36931,0
26852,1
41657,0
30568,0
4600,0
13055,0
32236,1
5413,0
34959,0
15957,0
9814,0
54423,1
23375,0
43986,1
44128,0
1521,0
22770,0
41432,0
11736,0
6271,0
13808,0
23552,0
28386,0
16870,1
53616,1
18872,1
43594,0
9644,0
44983,0
52479,1
8323,0
18016,0
49845,0
24044,0
28607,0
36109,0
4231,0
26114,0
1234,0
48195,0
30718,0
48612,0
23519,0
28560,0
25655,0
19794,0
24083,0
11752,0
16042,0
8462,0
21777,0
31126,0
25791,0
26699,0
12095,0
28247,0
5167,0
37296,1
3640,0
4071,0
41725,0
54747,1
18395,0
22440,0
1343,0
4514,0
50466,0
13052,0
47938,0
28158,0
51296,1
1962,0
51988,0
27750,0
3270,1
21405,0
41587,0
36748,0
8089,0
1314,0
19226,0
48118,0
30009,0
17197,0
31019,0
7030,0
7196,0
1590,0
8122,0
51606,1
40708,0
13668,0
21862,0
11189,0
15933,0
45827,0
1488,0
12185,0
48368,0
6448,0
54576,0
20008,0
9602,0
40381,0
50468,1
43164,0
27004,1
17935,0
1840,0
41754,0
16200,0
49412,0
43572,0
35546,0
32064,0
40131,0
30663,0
38313,1
34779,0
51513,1
28561,0
13775,0
15737,0
23059,0
9267,0
5784,0
54900,0
43226,0
6681,0
35042,0
19904,0
43850,1
50589,1
26220,0
50983,1
42593,0
14383,0
16041,0
26946,0
50948,0
48030,0
38782,0
54852,0
38272,0
54767,1
5331,0
42376,0
22310,0
3695,0
39590,0
13213,0
3134,0
43864,0
10925,0
12559,0
6628,0
30809,1
23704,0
43128,0
15913,0
34132,0
29723,0
36509,0
22806,0
22359,0
52263,1
16023,0
5122,0
54390,1
34933,0
405,0
27191,1
27330,0
3860,0
30037,0
11053,0
206,0
9908,0
47105,0
31645,0
40663,0
36022,0
54362,1
10989,1
11654,0
33305,0
10991,0
35605,0
24037,0
10961,0
18541,0
23130,0
14306,0
13463,0
1653,0
26811,0
29582,0
44414,0
2873,0
36684,0
46501,0
38322,0
23605,0
39579,0
45701,0
13982,0
33067,1
22132,0
52235,1
44191,0
6385,0
20214,1
11928,0
38817,1
19430,0
11306,0
23904,0
38094,0
47521,0
1837,0
48294,0
20992,0
19519,0
21422,0
12833,0
54167,1
40309,0
21582,0
1632,0
29265,0
6556,1
8153,0
52143,0
21981,0
36438,0
44435,0
46959,0
45392,0
28364,0
42310,0
33118,0
50933,1
49417,0
30244,0
29490,1
16090,0
39560,0
40841,0
26542,1
23732,0
23429,0
40777,0
19914,0
18584,0
9682,0
40645,0
50643,1
24819,0
14881,0
52919,1
41991,0
6765,0
35201,0
14283,0
19842,0
32640,1
545,0
12881,0
38858,0
17168,0
32906,1
4287,0
21660,0
4672,0
5516,0
44355,0
3521,0
24861,0
45115,0
22092,0
16029,0
28548,0
53746,1
23122,0
34888,0
20817,0
41315,0
2987,0
41878,1
17302,0
17757,1
28077,0
14319,0
2138,0
38208,0
18187,0
4458,0
3193,0
24537,0
38960,0
45055,1
4202,0
32362,0
45443,0
19919,0
52673,1
46682,0
35587,0
24346,0
32144,0
6335,0
6514,0
53150,0
28603,0
33191,0
31201,0
28618,0
4382,0
3298,0
14690,0
23322,0
41903,0
22993,0
17211,0
18517,0
8410,0
45576,0
33969,0
23026,0
19976,0
4783,0
7760,0
50434,1
30205,0
22629,0
47739,0
7060,0
34754,0
53184,1
38309,1
6601,0
20815,0
51253,1
30724,0
48741,0
23956,0
27485,0
1261,0
15172,0
2373,0
36164,1
31973,0
48956,0
50829,1
33401,0
54473,0
32067,0
28855,0
50269,1
1009,0
24321,0
5708,0
47314,0
10667,0
45933,0
27133,0
41718,0
33033,0
32864,0
19943,0
17175,0
41205,0
14057,0
39912,0
40175,0
38463,0
33630,0
2492,0
3716,0
18667,0
39596,0
38685,0
548,0
23976,1
46313,0
43856,0
48701,0
747,0
19520,0
22106,0
29570,0
44410,0
9395,0
50241,1
43351,0
42936,0
26801,0
4212,0
16027,0
21658,0
49292,0
16866,0
37920,0
2018,0
38255,0
34934,0
30293,0
42665,0
12579,0
9702,0
20373,0
41038,0
46332,0
27283,0
11924,0
54129,1
46573,0
54424,0
17829,0
12462,0
54469,1
27957,0
53232,0
46000,0
33820,0
53281,0
43215,0
52459,1
52171,1
45486,0
17341,0
39861,0
35940,0
14199,0
30537,0
17251,0
43737,0
48534,0
41331,0
36350,0
9734,0
21626,0
3666,0
23454,0
5294,1
10069,0
19605,0
49134,0
19986,0
3807,0
28984,0
32766,0
38223,0
21227,0
20863,0
33062,0
26586,0
17332,0
45861,0
48322,0
5546,0
32771,0
27703,0
6742,0
44200,0
15158,1
4364,0
25084,0
50455,1
456,0
21519,0
7970,0
43407,0
595,0
8419,0
37007,0
30215,0
16772,0
1730,0
2100,0
30033,0
2458,0
13621,0
7175,0
39964,0
19494,0
16586,0
6413,1
44898,0
1605,0
37839,0
21445,0
5277,0
18785,0
43012,0
45253,0
42045,0
49750,0
41529,0
12658,0
14735,0
2506,0
35749,0
20362,0
41103,0
2388,0
40699,0
3210,1
43962,0
10227,0
33453,0
27820,0
44326,0
13553,0
28278,0
28858,1
38091,0
23385,0
12465,1
9635,0
30997,0
26188,0
46390,0
12367,0
6717,0
27421,0
28890,0
52101,1
10831,0
13245,0
38111,0
17796,0
19327,0
33831,0
51984,1
12077,0
11383,0
23427,0
27795,0
667,0
26349,0
54531,0
35876,0
18596,0
9619,0
40649,0
54035,1
51487,0
17984,0
13541,0
18750,1
37383,0
5254,0
26195,0
34081,1
44369,0
16374,0
39839,0
51619,1
13139,0
22981,0
25800,0
6235,0
54553,1
13063,0
8981,0
40215,0
9469,0
14801,0
22801,0
52040,1
32127,0
5224,0
23424,0
9410,0
17673,0
10567,0
33083,1
22085,0
15015,0
51719,1
9931,0
42670,0
13478,1
37424,0
45690,0
3143,0
50887,1
48380,0
32028,0
16511,0
40113,0
12321,0
13157,0
15463,0
29569,0
31549,0
5109,0
41280,1
13015,0
51921,1
49918,0
35244,0
28309,1
41080,0
23707,0
13928,0
9513,0
49510,0
53893,1
26105,0
4658,0
33806,0
4684,0
311,0
31249,0
31588,1
18573,0
9074,0
6131,0
53885,1
41200,0
31449,0
8061,0
48411,0
26892,0
8767,0
33329,0
25268,0
33212,0
37931,1
7659,0
16123,0
46770,0
54567,1
21360,0
23952,0
19724,0
41085,0
48564,0
23679,1
16883,0
7991,0
44504,0
32623,0
13195,0
43852,0
36904,0
20932,0
15679,0
26319,0
51431,1
54442,0
23774,0
38186,0
48803,0
54525,1
42663,0
42444,0
24971,0
10572,0
45934,0
50650,1
33008,0
45768,0
45881,0
18534,0
23370,0
50123,0
47520,0
46244,0
37730,0
14746,0
13582,0
32248,0
12709,0
25737,0
12879,0
16969,0
51578,0
40445,1
42905,1
51639,1
37487,0
5217,0
12184,0
43858,0
42571,0
15104,0
1971,0
29594,0
23139,0
49365,0
25150,0
19601,0
38522,0
5083,0
45747,0
49137,0
42557,0
51986,1
17599,0
19169,0
45530,0
48258,0
42485,0
30674,0
53808,1
257,0
50228,1
49169,0
11424,0
14516,0
50623,0
38047,0
38068,0
12974,0
33729,0
7190,0
36313,0
11788,0
9328,0
27817,0
40004,0
14097,0
27465,0
17149,0
35360,0
46706,0
27220,0
53867,0
3629,0
2460,0
26025,0
15901,0
52272,1
14773,1
47895,0
22180,0
23737,0
35225,0
17726,0
32706,0
38762,0
20920,0
9155,0
17111,0
42130,0
24056,0
22544,0
48163,0
9167,0
13586,1
54356,1
36056,1
15203,0
51607,0
42692,0
36190,0
18864,0
43520,0
27720,0
8181,0
41035,0
18805,0
6700,0
17505,0
12015,0
18161,0
33147,0
42935,0
16624,0
36654,0
7415,0
11390,0
21882,0
9110,0
10455,0
29444,0
52678,0
14729,0
42301,0
7560,1
1709,0
54905,1
27644,0
46792,0
7924,0
48702,0
54093,1
19269,0
15847,0
12739,0
38248,0
24773,0
42223,0
6492,0
34415,1
21781,0
23887,0
4744,0
27300,0
25570,0
21185,0
11132,0
24880,1
13465,0
42158,0
46871,0
30705,0
42798,0
1459,0
45289,0
18456,0
25421,0
48664,0
52317,1
9964,0
50401,1
2409,0
10984,0
52627,1
6259,0
36897,0
41266,0
14903,0
21266,0
6738,0
26326,0
4665,0
5022,0
19756,0
43159,0
23232,0
26624,0
51882,0
27675,0
3689,0
11,0
53369,1
28071,0
45100,0
34726,0
3696,0
45122,0
8240,0
17118,0
26596,0
23615,0
33342,0
15741,0
40602,0
54904,1
15849,1
13363,0
18271,0
35230,0
18720,0
16281,0
20649,0
37768,0
37313,0
49789,0
3010,0
45590,0
39917,0
6617,0
24525,0
36935,0
6574,0
49559,0
20317,0
49940,0
52714,1
38197,0
8324,0
30528,0
5338,0
10532,0
8103,0
14515,0
13952,0
18060,0
23128,0
25616,0
3196,0
53023,1
27419,0
44075,0
28978,0
4488,0
42509,0
47894,1
23259,0
23036,0
20227,0
7505,0
33463,0
52305,0
48401,0
32890,0
2230,0
33933,0
37073,0
34011,0
49690,1
25925,0
39166,0
51071,1
36337,0
54896,0
28794,0
51177,0
32862,0
49414,0
53066,1
25488,0
2184,0
29458,1
19767,0
48853,0
15324,0
49224,0
49553,0
27738,0
26282,0
9663,0
12826,0
25909,0
51183,1
32817,0
6356,0
17011,0
15551,0
21143,0
45212,0
39618,0
21687,0
15079,1
47193,0
4520,0
33279,0
1904,0
13122,0
52639,1
21504,0
47325,0
42888,0
18826,1
40392,0
6152,0
20641,0
41836,1
8769,0
19578,0
51641,0
22964,0
21195,0
26377,0
25366,0
34339,0
37994,0
33900,0
45318,0
26399,0
10174,0
33669,0
7988,0
21066,0
48332,0
32475,0
53123,1
11371,0
13519,1
3474,0
9419,0
42992,0
20974,0
29366,1
52135,1
26323,0
17022,0
33097,0
35252,0
3006,0
3515,0
508,1
34627,0
2861,0
52804,1
30035,0
13612,0
29634,0
233,0
20357,0
20185,1
22068,0
53868,1
11295,0
24876,0
2808,0
39439,0
20391,0
3558,0
50233,1
46274,0
14681,0
25161,0
17148,0
16814,0
40469,0
34222,0
23804,0
2283,0
28878,0
45354,0
44545,0
11941,0
13296,0
3610,0
37234,0
27548,0
8523,0
47112,0
14101,0
14091,0
39240,0
47192,0
48372,0
22697,0
44896,0
23645,0
32736,0
2702,0
43427,0
23382,0
15680,0
39985,0
6185,0
3548,0
11373,1
19921,0
29687,0
53031,1
20432,0
27916,0
36369,0
38606,0
1313,0
47436,0
23291,0
43776,0
54950,1
25313,1
4371,0
40993,0
15191,1
36070,0
6986,0
32569,0
51915,0
6580,0
170,0
20500,0
39806,0
14926,0
17662,0
35616,0
30055,0
8764,0
30507,0
5624,0
54785,1
54874,1
13592,0
10394,0
34979,0
51642,1
53119,0
5954,0
17731,0
19129,0
47210,0
29482,0
50332,1
32173,0
3337,0
21277,0
101,0
39516,0
1735,0
42943,0
17509,0
42924,0
16643,0
5766,0
21457,0
39644,0
39313,0
11516,0
37414,0
14310,0
52556,0
54218,0
54461,1
8724,0
52755,0
52910,1
13051,0
935,0
39542,0
36564,0
29307,1
34625,0
39845,0
51599,1
51154,1
11441,0
47969,0
27200,0
12128,0
40256,0
16739,1
2624,1
32554,0
43227,0
38365,0
47452,0
49826,0
47948,0
29950,1
50364,1
34756,0
13290,1
47200,0
24792,1
25359,0
38224,0
22017,0
30291,0
27430,0
45057,0
51620,0
47048,0
41248,0
17182,0
19163,0
43093,0
10908,0
14577,1
45156,0
31673,0
5976,0
20073,1
17893,0
7737,0
27456,0
35431,0
20628,0
42121,0
18940,0
46693,0
50375,1
13153,0
32804,1
30853,0
5371,0
19340,0
6915,0
23169,0
6227,0
42258,0
28474,1
54370,0
47309,0
9824,0
40508,0
42226,0
44643,0
22213,0
47194,0
47812,0
40040,0
39878,0
31033,0
5205,0
32503,1
10629,0
50766,1
42672,0
37577,0
9616,0
41618,0
53203,1
13081,0
25331,1
53457,1
16133,0
19853,0
34735,0
45967,0
18774,0
17106,0
6133,0
36247,0
39734,0
48625,1
16560,0
23376,0
26438,0
12303,0
47211,0
54527,0
21563,0
25345,0
3865,0
46790,0
19084,0
32950,0
6477,0
24001,0
23540,0
16055,1
46334,0
30230,0
9802,0
44005,0
33312,0
50494,1
2405,0
49446,0
26529,0
27461,0
12064,0
50711,1
48621,0
27367,1
12773,1
52644,1
54408,1
52858,0
54089,0
7955,0
5004,0
2076,0
15435,0
16660,0
8960,1
1695,0
52764,0
17435,0
28879,0
3451,0
11565,0
4989,0
35098,0
10734,1
48736,0
54333,1
50334,1
40916,0
51740,1
32431,0
26603,0
14279,0
1553,0
36086,0
13975,0
19503,0
14796,0
15788,0
18094,0
42370,0
20417,0
38439,0
27242,0
26371,0
28691,0
17215,0
23001,1
47265,0
41971,0
40667,0
25344,0
10729,0
30632,0
20977,0
160,0
46271,0
28180,0
51653,1
15510,0
2481,0
3535,0
24332,0
33671,0
46452,0
9085,0
14153,0
54695,1
23306,0
24975,1
37503,0
12178,0
13357,0
32102,0
36907,0
53459,1
9920,0
10292,0
46774,0
41798,0
46519,1
15470,0
51692,1
10346,0
48506,0
11042,1
9741,0
47765,0
51337,1
42486,0
34091,0
394,0
47544,0
47340,0
25087,0
30654,0
20445,0
6590,0
10148,0
24088,0
47461,0
17057,0
20197,0
31479,0
49348,0
7721,0
39855,0
29117,0
8078,0
13891,0
48986,0
48348,0
6952,0
13421,0
21689,0
39296,0
18500,0
38153,1
37545,0
40485,1
12404,0
2306,0
38686,0
8511,0
36852,0
32050,0
27983,0
4528,0
39762,0
39574,0
51981,1
30096,0
6666,0
52205,0
11789,0
51880,1
2590,0
9195,0
48189,0
48572,0
7141,0
54879,1
35088,0
23604,0
52717,1
27301,0
52117,1
25403,1
8179,0
12554,0
50655,1
27971,0
10042,0
9393,0
8933,0
20953,0
48260,0
53539,1
39538,0
26183,0
40774,0
2003,0
28258,0
31883,0
31804,0
41801,0
31890,0
48622,0
41891,0
42434,0
46532,0
3637,0
5042,0
33907,0
2162,0
50378,1
41882,0
37428,1
12201,0
17851,0
32404,1
11520,0
45901,0
40093,0
53069,1
6305,0
15428,0
47900,0
1948,0
22679,0
36672,1
18815,0
40957,0
33970,0
24843,0
36420,1
25281,0
38149,0
50249,0
2465,0
42610,0
6300,0
18487,0
34584,0
35327,0
1774,0
51398,1
34101,0
39451,0
18719,0
25349,1
47464,0
37306,0
9317,0
16534,0
10999,0
12422,1
905,0
15284,0
18452,0
38496,0
18842,0
31823,0
2227,0
41361,0
34292,1
15501,0
13201,0
15036,0
16217,0
30178,0
32517,0
9899,0
37040,0
26809,0
14537,0
37362,0
50409,1
25355,0
13610,1
26745,0
6781,0
41112,1
49212,0
43818,0
33380,0
13883,0
43214,0
17708,0
32448,0
15881,0
12272,0
38182,0
2254,0
9027,0
36302,0
49716,0
22603,0
38027,0
8207,0
3499,0
39874,0
3956,0
25229,0
5136,0
26142,0
14085,0
10737,0
7267,0
17457,1
46513,0
31622,0
31395,0
39881,0
52485,0
23967,0
15580,0
7486,0
40492,0
26980,0
10632,0
33189,0
34232,0
2996,1
30049,0
4119,1
36610,0
36633,0
33471,0
19295,0
32181,1
5767,0
50644,0
17020,0
2428,0
17812,0
36166,0
17294,0
44996,0
37692,0
12747,0
14468,0
36079,1
48883,0
12964,0
33167,0
26605,0
31770,0
5586,0
27698,0
150,0
1808,0
50311,1
34102,0
26281,0
6924,0
9889,0
52439,0
6057,0
46090,0
51012,1
37982,0
14422,0
8429,0
13790,0
11725,0
18652,0
40053,0
48894,0
31742,0
3712,0
47455,0
53302,0
38706,0
13194,0
42214,0
38020,1
18379,1
48792,0
49712,0
5840,0
33819,0
46404,0
18018,0
31255,1
22093,0
20284,0
47146,0
14675,0
19216,0
29412,0
25426,0
40438,0
47803,0
20951,0
49310,1
36988,0
38280,0
54593,0
50261,0
54998,1
1785,0
26340,0
24109,1
54855,1
7310,0
53046,1
28675,0
38419,0
25707,0
3992,0
54419,0
4506,1
13726,0
9297,0
16174,0
18343,0
14219,0
53857,0
27937,0
5849,0
47758,0
51672,1
22584,0
4608,0
10844,0
28114,0
25274,0
18972,1
4927,0
330,0
12515,0
22675,0
41575,0
26636,0
47681,0
20871,0
22122,0
47274,0
12113,0
28736,0
46129,0
16611,0
5455,0
48646,0
15406,0
30018,0
9501,0
7129,0
1269,0
18338,0
18101,0
15828,0
50322,1
13177,0
46356,0
51367,1
51011,1
39865,0
17464,0
565,0
30435,0
24362,0
3699,0
7616,0
39172,0
28965,0
44257,0
28251,0
14673,0
54917,0
19699,0
50187,1
9113,0
15616,0
40184,1
21250,0
42612,0
39619,0
12426,0
45721,0
36922,0
20443,0
8546,0
43609,0
49714,0
38529,0
7105,0
19632,0
26963,0
28443,0
35478,0
17749,0
14543,0
52174,1
44331,0
19860,0
28676,0
36322,0
17924,0
50077,1
21063,0
30680,0
39136,0
2741,0
31617,0
19406,0
50313,0
45814,0
4426,0
10462,0
41922,0
21095,0
32125,0
46341,0
15599,0
6424,1
21268,0
44198,0
37035,0
32344,0
41742,0
2712,0
3465,0
46091,0
3471,0
2272,0
12603,0
16363,0
48454,0
33184,0
12238,0
5807,0
12048,0
32810,1
11781,0
13047,0
49249,0
42713,0
36575,0
6489,0
5770,1
24729,0
44822,0
20203,0
9012,0
15799,0
36547,0
34105,0
2453,0
34588,0
38989,0
39228,0
44220,0
27393,1
25204,0
7434,0
36244,0
11247,0
28053,0
11668,1
34667,0
45591,1
3227,1
33971,0
13549,0
26684,0
10742,1
50974,1
28467,0
42801,0
42969,1
18112,0
35720,1
4149,0
51852,1
47244,0
26777,0
43688,0
52510,1
20065,0
51021,1
33273,0
50390,1
54951,0
23767,0
22016,1
1630,0
37747,0
29771,0
9109,0
53269,1
53108,1
4415,0
53274,1
37983,0
9229,0
18493,0
14593,0
44913,0
20914,0
41663,1
43731,0
44073,0
11400,0
6364,0
42733,0
31448,1
11724,0
16229,0
47034,0
35582,0
31923,0
11596,0
48884,0
53194,1
46393,0
27459,0
41514,0
26273,0
54051,1
54187,1
28347,1
47252,0
37664,0
45854,0
44259,0
8448,0
42706,0
42681,0
5125,0
33237,0
11226,0
48638,0
23629,0
13071,0
1606,0
39190,1
36631,0
54842,1
17587,0
48793,0
21124,0
33020,0
27551,0
7188,0
5445,0
6230,0
26175,1
25460,0
31864,0
8178,1
31233,0
48930,1
40686,0
43526,0
29417,0
49307,0
40181,0
13765,0
45542,0
12729,0
17945,0
5285,0
32168,0
4606,0
48693,0
40525,1
30822,1
14456,0
22481,0
847,0
53880,1
17195,0
15007,0
18058,0
38146,0
46460,0
44849,0
48063,0
772,0
21630,0
14757,0
22877,0
35826,0
41471,0
39473,0
44131,0
3308,1
27486,0
42139,0
5592,0
6245,0
2323,0
52995,1
5368,0
45723,0
40382,0
25302,0
13337,0
39437,0
5716,0
1279,0
32994,0
46973,1
35099,0
47831,0
14536,0
36826,0
9910,0
14266,0
20671,0
19659,0
22423,0
12080,0
6155,0
22206,0
18806,0
37343,0
29351,0
37250,0
16240,0
7888,0
26139,1
12640,0
30005,0
7874,0
10426,0
40012,0
17542,0
6220,0
7198,0
34012,0
28671,0
29526,0
1239,0
2236,0
17539,0
42168,1
21524,0
3846,0
19551,0
50288,1
43838,0
15426,0
50424,1
4809,0
54279,0
43357,0
7381,0
37030,0
10091,0
7214,0
11166,0
33011,1
25340,0
20075,0
41841,0
3549,0
46580,0
10773,0
12356,0
24524,0
26559,0
24059,0
4596,0
31543,0
52239,1
15660,0
26974,0
9158,0
39116,0
7733,0
17346,0
6526,1
19369,0
11117,0
49777,0
32734,0
29882,0
19706,0
10819,0
51246,0
5357,0
12378,0
2705,1
33002,0
44914,0
9851,0
12330,0
7070,0
28465,0
130,0
17348,0
9065,0
12798,0
54619,1
22820,0
45125,0
45372,0
51773,1
46702,0
4293,0
36981,0
25106,0
10726,0
32622,0
20314,0
45085,0
70,0
12134,0
7899,0
45193,0
15521,0
38866,0
1538,0
4555,0
148,0
9024,0
3069,0
36710,0
50023,1
42615,0
6415,0
30988,0
21664,0
23490,0
40983,1
41934,0
41944,0
7871,0
26201,0
40049,0
6770,0
12230,1
27521,0
6313,0
26823,0
29112,1
47144,0
20996,1
31481,0
51875,1
23824,0
5132,0
2542,0
51129,1
4213,0
32264,0
41578,0
19586,0
14971,0
1934,0
23070,0
36925,0
16048,1
50290,0
44715,0
37771,0
32018,0
34492,0
51321,1
53944,0
40955,0
47827,0
49927,0
45162,0
5392,0
27710,0
19515,0
9804,0
49198,0
5989,0
28648,0
857,0
29776,0
12251,0
3090,0
10661,0
7112,0
45774,0
28358,0
42638,0
44739,0
43166,1
38434,0
28981,0
4660,0
50422,0
25757,0
29071,0
19183,0
21352,0
51768,1
31675,0
1578,0
15609,0
7669,0
18166,0
10820,1
12019,0
6513,0
28357,0
18354,0
45363,0
22409,0
19922,0
38477,0
10229,0
2264,0
23298,1
37200,0
16980,0
32815,0
22389,0
19419,0
12670,0
10621,0
12265,0
20922,0
44793,0
15866,0
54418,1
22718,0
33464,0
47071,0
33335,0
32027,0
14296,0
544,0
37394,0
5914,0
49773,0
36551,0
45211,0
25648,0
21194,0
8963,0
31922,0
7433,0
54678,1
1036,0
24774,0
10956,0
5573,0
32681,0
29318,0
27501,0
25673,0
37458,0
37725,0
22480,0
15411,0
14467,0
39083,0
19553,0
12043,0
10881,0
5581,0
29937,0
40705,0
15936,0
50451,0
13316,0
49867,0
11408,0
22250,0
20170,0
32752,1
43837,0
23132,0
9447,0
28842,0
43451,0
12376,0
25902,0
28742,0
51609,1
32555,0
38177,0
45152,0
86,0
37117,0
51723,1
7058,0
41396,1
43075,0
39804,0
37564,0
53550,1
43749,0
38581,0
35668,0
52261,1
35505,0
14756,0
47471,1
8866,0
22703,0
29652,0
49787,0
28813,0
31915,0
52545,1
48326,0
33524,0
28650,0
44995,0
36098,0
6303,0
3464,0
15147,0
7426,0
3838,0
17834,0
34713,1
22501,0
40160,0
10753,0
8887,0
54565,1
41585,0
52221,1
43002,0
628,1
25718,0
34913,0
52848,1
35654,0
33194,0
3641,0
47362,0
42106,0
23665,0
7202,0
23032,0
37217,0
43242,0
4801,0
2648,0
4976,1
43525,0
48386,0
15829,0
1651,0
12443,0
2421,0
25541,1
36772,0
16849,0
19826,0
44327,0
48143,0
25203,0
40224,0
48897,0
21987,1
10281,0
32800,0
47768,0
25563,0
20202,0
31073,0
5066,0
35516,0
41271,0
24392,0
14203,0
1444,1
29337,0
12583,0
27097,0
29447,0
19790,0
21107,0
23734,0
43276,0
13627,0
32065,0
17521,0
10476,1
2321,0
2507,0
41800,0
25649,0
27594,0
23715,0
16395,0
24534,0
27828,0
29566,0
38486,0
39049,0
2454,0
3775,0
36735,0
20981,0
5267,0
43495,0
54142,0
34900,0
12510,1
17362,1
43762,0
39523,0
4093,0
42740,0
23358,0
11707,0
54510,1
31565,0
43617,0
47388,0
53337,1
6251,0
10145,0
29556,0
10204,0
53085,1
11831,0
51627,1
25764,0
9311,0
21615,0
31271,0
20986,0
39447,0
6104,0
29221,0
16184,0
30315,0
18144,0
38654,1
20149,0
54866,1
8200,1
1982,0
54706,1
49677,0
21113,0
21047,0
14395,0
15963,0
17126,0
3121,0
23204,1
14529,0
44840,1
43761,0
13258,0
28972,0
12942,0
23312,0
7160,0
4991,0
13500,0
16346,0
34476,0
3884,0
21993,0
30767,0
29294,0
19372,0
22245,0
14309,0
33271,0
6987,0
5857,0
11235,0
1862,0
12933,0
27448,0
12868,1
50507,0
37353,0
1404,0
43385,0
15633,0
40756,0
6564,0
14934,0
45320,0
6297,0
33121,0
13350,0
34941,0
44525,0
15767,1
47523,0
34647,1
41526,0
6290,0
21550,0
15673,1
31149,0
6719,0
3094,0
22587,0
27893,1
12433,0
7502,0
11680,0
40440,0
26543,0
37193,1
36964,0
40507,0
30056,0
39941,0
38293,0
17194,0
52473,1
26264,0
46624,0
50283,1
43419,0
10479,0
43932,0
40905,0
32759,0
48324,0
5069,0
10531,0
20098,0
35266,0
11714,0
7863,0
5922,0
33314,0
9316,0
12099,0
28410,0
43588,0
21302,0
43729,0
28338,0
45037,0
53846,1
6545,0
15669,0
13754,0
7608,0
48120,0
1474,0
48652,0
21234,0
37522,0
28522,0
7128,0
3238,0
35750,0
25969,0
7221,0
6577,0
43383,1
42689,0
49550,0
18296,0
39073,0
19438,0
23096,0
39953,0
43315,0
41941,0
23987,0
9387,0
49675,0
54906,1
30504,1
42821,0
8453,0
46004,0
15101,0
46837,0
27535,0
31172,0
5911,0
54882,1
44221,0
39408,0
16349,0
12874,0
36646,0
43151,1
30381,0
31179,0
27624,0
52436,1
4328,0
37254,0
5317,0
21817,0
26548,0
50712,1
3567,0
39484,0
54606,1
10512,0
16931,0
49988,1
43730,0
54957,1
39221,0
25159,0
30971,0
23567,0
36811,0
23885,0
37534,0
26953,0
22358,1
5279,0
11431,0
29881,0
25866,0
7699,0
13863,0
16644,0
28420,0
3013,0
6941,0
40718,0
22379,0
7566,0
1212,0
21700,0
561,0
35154,0
19326,0
26977,0
30611,1
27079,0
35018,0
29540,1
49700,0
50277,1
11482,0
10030,0
25919,0
27876,0
16789,0
50505,0
43097,0
11893,0
27319,0
36548,0
22541,0
3599,0
32323,0
10684,0
963,0
42098,0
23945,0
16974,0
38119,0
21212,1
22824,0
2150,0
11148,0
53514,1
27427,0
4472,0
53228,0
39947,0
27229,0
33847,0
44601,0
54806,1
47751,0
20888,0
14355,0
42432,0
48273,1
9606,1
37737,0
14811,0
45966,0
8184,0
11364,0
6430,0
5647,0
22003,0
43629,0
28153,1
50460,0
18730,0
33039,0
29773,0
17518,0
51088,0
39996,0
22574,0
2629,0
7504,0
41549,0
23909,0
24566,0
17030,0
9830,0
52985,1
36915,0
12512,1
43377,0
48139,1
53114,1
25629,0
30046,0
15269,1
38890,0
52168,0
42529,0
48452,0
41083,0
53351,1
14583,0
52870,1
54008,1
52215,1
18301,0
23289,0
52756,1
24033,0
29442,0
48201,0
4945,0
11060,0
2303,0
21809,0
39696,0
54656,1
4377,1
44899,0
2931,0
6092,0
37769,0
14837,0
12843,0
48388,0
11126,0
14060,0
21059,0
29120,0
21537,0
26602,0
5375,0
43964,0
46208,0
29341,0
22022,0
19221,0
37644,0
33931,0
22266,0
48814,0
45748,0
2228,0
38815,0
32947,0
14912,0
17032,0
34364,0
28092,0
1909,0
11934,0
24620,0
14385,0
43593,0
10857,0
6525,0
2341,0
34082,0
3174,0
23910,0
20873,1
14469,0
9862,0
5947,0
15704,0
17672,0
36380,0
27620,0
31807,1
50216,1
11949,0
10405,0
52791,1
31387,0
54070,1
21786,0
41221,0
40412,1
18153,0
49285,0
32396,0
26412,0
11699,0
12137,0
42341,0
35659,0
52480,1
4257,0
5523,0
22668,0
54538,1
4486,0
51527,0
22323,0
39316,0
14229,0
21046,1
34696,0
11864,0
13189,0
8997,0
53748,1
51278,1
12055,0
37066,0
29004,0
47129,0
42178,0
40254,1
47887,0
42387,0
3583,0
50342,1
29903,1
35417,0
31968,0
22620,0
8239,0
8394,1
663,0
31937,1
42848,0
4521,0
47197,0
46433,1
22999,0
16439,0
408,0
48569,0
328,0
22761,0
24533,0
52797,0
35860,0
46872,0
24469,0
25496,0
46516,0
5578,0
26219,0
35599,0
24902,0
51087,1
31957,0
51881,1
34698,0
42948,0
1966,0
39399,0
50103,1
2456,0
46397,0
24066,1
51279,1
41619,1
3671,0
42591,0
16777,0
23145,0
46584,0
29886,0
30533,0
47235,0
45714,0
42314,0
35759,0
15941,0
29831,0
816,0
24209,0
31799,0
30255,0
51032,1
16973,0
51483,0
51778,1
6654,0
9370,0
48157,0
19597,0
12412,0
7027,0
47909,0
20995,0
32298,0
44334,0
26497,1
52563,1
15714,1
12284,0
33864,0
26172,0
31876,0
12647,0
37239,0
36269,0
32497,0
12459,0
25654,0
3789,0
49074,0
10699,0
48234,1
5707,1
3165,0
16436,0
37356,0
30782,0
44872,0
16429,0
8998,0
7039,0
950,0
33515,0
13737,0
5067,0
8956,0
28710,0
162,0
46213,0
5107,0
23863,0
28105,0
27018,0
50238,1
52874,1
54718,1
10173,0
53919,1
16361,0
4917,0
34501,0
19138,1
31443,0
19630,0
19000,0
53100,1
12071,0
42283,0
12748,0
29352,0
12129,0
26006,1
50262,1
40337,0
36600,0
11628,0
1731,0
20619,0
5149,0
8317,0
3240,0
1425,0
42657,0
12565,0
5627,0
27258,0
36252,0
53003,1
17647,0
22792,0
35239,0
2424,0
40314,0
43914,0
15318,0
3777,0
50351,1
27274,0
18081,0
47372,0
29833,1
48158,0
28480,0
3344,0
7311,0
52129,1
14297,0
22591,0
42063,0
54782,1
43743,0
39906,0
53431,1
23574,0
6010,0
19354,0
4898,0
2,0
47123,0
4676,0
53831,1
41187,0
36715,0
44723,0
33667,0
3243,1
51212,1
33618,0
11152,0
32180,0
32723,0
13323,0
39914,0
26276,0
34393,0
43960,0
41552,1
53801,1
18669,0
39398,0
26421,0
40679,0
39414,0
37190,0
45720,0
15047,0
49243,0
13486,1
14859,0
53716,1
45610,0
16238,0
5405,0
35772,0
22275,0
40471,0
41350,0
14621,0
38518,0
45175,0
17389,0
39400,0
4938,0
39311,0
27128,0
32774,0
52463,1
39148,0
37566,0
25310,0
2855,0
14946,1
2004,1
10070,0
9721,0
8499,0
21752,1
25245,0
36890,1
27562,0
16954,1
50035,1
37594,0
9637,0
1480,0
1509,0
49946,0
34800,0
40192,0
48609,1
2385,1
17440,0
43983,0
48657,0
51669,1
24079,0
22564,0
3745,0
48423,0
15980,1
2552,0
15176,0
14987,0
38187,0
10724,0
17190,0
22315,0
776,1
50771,1
29228,1
32708,0
811,0
33269,0
54591,1
36624,0
45250,0
32526,0
1259,0
465,1
51939,1
2553,0
50681,1
1826,0
25125,0
48766,0
15572,0
5180,0
52019,1
5634,0
32985,0
19110,0
24781,0
32615,0
28475,0
32781,0
43277,0
13009,0
31460,0
49087,0
19752,0
38526,0
19781,0
50184,0
52934,0
32433,0
46557,0
49482,0
20844,0
14252,0
31504,0
34273,0
12904,0
19282,0
19034,0
46410,1
21758,0
31017,0
23417,0
50989,1
49512,1
21619,0
44137,0
42878,0
31502,0
13525,0
44664,0
12703,0
27656,0
30236,0
41419,0
29982,0
36418,0
24517,0
968,0
6457,0
36965,0
6542,0
24463,0
27244,0
6399,0
25326,1
8164,0
26325,0
38505,0
5871,0
15852,0
30933,0
3390,0
10711,0
6777,0
16130,0
6876,0
33315,0
12695,0
10290,0
21188,0
52991,1
34809,0
52402,0
18156,0
6260,0
27756,0
11018,0
32250,0
12611,0
24228,0
40655,0
53595,1
44473,0
1679,0
53048,1
34365,0
21200,0
24370,0
5435,0
47834,0
22169,0
33288,0
31739,0
53343,1
29817,0
26520,0
24913,1
37941,0
8319,0
22000,0
44973,0
32104,0
46847,0
52004,1
28106,0
26884,0
39931,0
8856,0
22170,0
17060,0
17123,0
16249,0
2348,0
2883,0
17840,1
29682,0
41217,0
23807,0
27922,0
30385,1
47698,0
4123,0
43051,0
49159,0
29467,0
17795,0
9043,0
981,0
45087,0
26435,0
8302,0
8583,0
22625,0
23403,0
31587,0
18658,0
37471,0
18417,0
33564,0
45169,0
49077,0
46248,0
39156,0
2050,0
31042,0
54520,1
17183,0
28699,0
14958,0
49164,0
4702,0
54835,1
53086,1
29260,0
42243,1
25090,0
28002,0
53943,1
6429,1
37756,0
20494,0
21748,0
17423,0
5511,0
53511,1
46114,0
19045,0
46657,0
31260,1
9145,0
36620,0
20513,0
10761,0
20161,0
9509,0
48134,0
16881,0
41740,0
29672,0
53520,0
35483,0
53558,1
27523,0
12408,0
10110,0
13202,0
28997,0
33645,0
28853,0
15524,0
8258,0
43511,1
50170,1
45937,0
2238,0
4238,0
18064,0
20331,0
16625,1
30816,0
44642,0
47611,1
40601,0
5607,0
4288,0
45451,1
41675,0
50763,0
24504,0
6529,1
6244,0
26433,0
3532,0
12368,0
19970,1
2042,0
259,0
20691,1
14531,0
49767,0
30951,0
44370,0
52033,1
54784,1
18814,0
42598,0
25086,0
18079,0
20454,0
45942,1
12288,0
17364,0
34924,0
37384,0
29088,0
82,0
15833,0
13993,0
9662,0
23935,0
207,0
8044,0
18038,0
3682,0
7972,0
7189,0
17318,0
26363,0
25554,0
18743,0
49308,0
4662,0
26647,0
32458,0
52893,1
13453,0
25289,0
51840,1
51597,1
46104,0
47111,0
26810,0
6216,0
11936,0
1001,0
27823,0
17830,0
22369,0
37813,0
41195,0
1885,0
34848,0
41544,0
26714,0
38818,0
38106,0
32940,0
1654,0
6862,0
22974,0
50368,1
41543,0
23533,0
39318,0
45671,0
49896,0
11989,0
19546,0
15888,0
45958,0
18171,0
3497,0
13233,0
49687,0
10958,0
39553,0
19387,0
49064,0
28495,0
41052,0
3162,0
54071,1
22739,1
50192,1
505,0
12092,0
13215,0
29057,0
13920,0
3757,0
15730,0
48514,0
9667,0
38010,0
54790,1
50118,1
19735,1
37694,0
881,0
52440,1
3246,0
19174,0
37623,0
6595,0
31333,1
12602,0
25228,0
14767,0
14470,0
22558,0
39173,1
6247,0
45830,0
38699,0
54973,1
42834,0
43891,0
39140,0
24646,0
4114,0
19504,0
51444,1
15507,0
44535,0
28197,0
7673,0
7534,0
34836,0
1427,0
24800,0
1419,0
24727,0
21650,0
3349,0
40475,0
54671,1
54995,1
38026,0
24180,0
20159,0
18674,0
53014,1
18855,0
37127,0
38260,0
6465,0
17959,0
52917,0
2863,1
29737,0
24038,0
19730,0
4670,0
12909,0
12845,0
46587,0
17239,1
43062,0
3379,0
14724,0
14887,0
45572,0
15982,0
21510,0
37542,0
22775,0
5419,0
52204,1
33424,0
43258,0
43507,0
14988,0
7609,0
4141,0
10673,0
30402,0
20022,0
23171,0
42512,0
21241,0
6711,0
41441,1
13548,0
32777,1
34976,1
43716,0
36630,0
12804,0
52789,1
51501,1
22159,0
8663,1
37285,0
25642,0
39390,0
51429,1
23024,0
17952,0
44702,0
6033,0
45931,0
10327,0
40231,1
44761,0
39387,0
3754,0
54056,0
8378,0
43396,0
9900,0
13521,0
39161,0
1194,0
5075,0
36163,0
1120,0
43076,0
18593,0
14450,0
12593,0
29931,0
18696,0
20673,0
7241,0
50569,1
7579,0
50517,0
26486,0
35553,0
44251,0
482,1
40117,0
25844,0
1992,0
21444,1
447,0
48584,0
29815,0
306,0
4845,0
40361,0
6117,0
32006,0
35166,0
53872,1
52924,1
52663,1
43117,0
51355,0
13395,0
18778,0
24009,0
11743,0
27737,0
39920,0
31361,0
41225,0
28967,0
47861,0
6301,0
12170,0
21889,0
30989,0
43705,0
6912,0
29217,0
4030,0
28957,0
43192,0
28060,0
21997,0
17973,0
46055,0
46168,0
13230,0
5028,0
32980,0
14227,0
19385,0
6720,0
13906,0
51752,1
11243,0
18113,0
14589,0
12328,0
37505,0
33224,0
34618,0
8161,0
53161,1
4563,0
238,0
37305,0
35686,0
40350,0
25316,0
29092,0
46992,0
20762,0
12160,0
33766,0
34276,0
15192,0
36043,0
36447,0
34134,0
35825,0
47881,0
9575,0
6804,0
22946,0
29650,1
51149,0
4247,0
30309,0
1228,0
49181,0
27969,0
11620,0
33596,0
8167,0
38678,0
16068,0
52105,1
13496,0
34108,0
42116,0
8425,0
14570,0
46425,0
34094,0
54095,1
27424,0
38879,0
34975,1
47905,0
460,1
23098,0
47883,0
24560,1
31424,0
81,0
14226,0
39115,0
38145,0
15051,0
28302,0
40892,0
24882,0
10441,0
11719,0
36480,1
29642,1
53177,0
53675,1
41522,0
40228,0
15243,0
31891,0
31670,0
10468,0
17700,0
12457,1
7702,0
11590,0
26260,0
30535,0
53797,1
5570,0
46143,0
46315,0
42320,0
2032,0
28206,0
27824,0
54151,1
37312,0
13120,0
4546,0
34980,0
1582,0
29593,0
22710,0
35545,0
29614,0
21423,0
16221,0
16293,0
39828,0
3733,0
43466,0
33133,0
37048,0
40536,0
22708,0
25810,0
43637,0
12500,0
31929,0
14932,0
7708,1
1849,0
1506,0
4584,0
22832,0
35746,0
1789,0
47766,0
17890,0
29819,0
38238,0
6343,0
38332,1
37478,0
28775,0
28528,0
35126,0
14008,0
22720,0
30847,0
19479,0
34884,0
35816,0
36120,0
39164,0
50458,1
12204,0
34050,0
47943,0
10010,0
37214,0
3185,0
37984,0
11829,0
7270,0
24028,0
34669,0
48140,0
9364,0
25503,0
32087,0
48696,1
28719,0
21704,0
9092,0
48635,0
30909,0
46726,0
10332,0
32229,0
29227,0
14991,0
10066,0
37835,0
32351,0
39445,0
17755,0
40675,0
54293,1
37803,0
12539,0
52326,0
15247,0
26402,1
21919,0
47816,0
7176,0
16724,0
1918,0
23321,0
10495,0
16685,0
53990,1
50756,1
41863,0
52216,1
16295,1
25367,0
33417,0
51900,0
7756,0
5339,0
22162,0
45559,0
51522,1
50476,0
1431,0
22207,0
22434,0
33721,0
40673,0
49561,0
18368,0
23677,0
42946,0
12395,1
3475,0
37832,0
5249,0
16261,0
46268,0
26943,0
54925,0
26272,0
1937,0
190,0
6870,0
27102,0
8025,0
39417,0
31620,0
44163,0
15581,0
31064,0
12145,0
26664,0
39529,0
43469,0
47153,0
17546,1
37159,0
17761,0
34523,0
54134,1
40300,0
9463,0
20495,0
1647,0
18530,0
30204,0
18947,0
49929,0
25549,0
33141,0
8983,0
14056,0
12057,0
54744,1
9270,0
19720,0
21869,0
32169,0
28141,0
18323,0
48589,0
35111,0
9813,0
14939,0
9194,1
11022,0
39676,0
2835,0
1575,0
7309,0
17290,0
39979,0
51439,1
47000,0
7113,0
27334,0
12365,1
10271,1
24404,0
25891,1
49363,0
2070,0
22082,0
52291,0
36119,0
28825,0
31273,0
4031,0
5726,0
19607,0
35861,0
9774,0
38852,0
53352,1
19844,0
29455,0
39084,0
4423,0
49634,0
3785,1
8543,0
46869,0
35068,0
43633,0
43515,0
20444,0
10,0
41955,0
15784,0
27025,0
38451,0
45685,0
20012,0
43102,0
24100,0
24237,0
47808,0
14184,0
44148,0
27475,0
26056,0
28876,0
2396,0
3288,1
34629,0
21466,0
43558,0
38129,0
42666,0
22050,0
49228,0
43671,0
26165,0
33195,0
48144,0
20514,0
51220,1
39605,0
19613,0
43890,0
30514,0
21376,0
10687,0
9485,0
3795,0
36674,0
17798,0
26054,0
27131,0
39369,0
2663,0
21693,0
17624,0
30284,0
10277,0
19160,0
7844,0
48483,0
9498,0
10009,1
36414,1
1716,0
43987,0
54398,1
52778,1
4871,0
46163,0
27892,0
9691,0
46382,0
587,0
9275,0
31057,0
10054,1
39846,0
38357,0
1437,0
12337,0
39942,0
2370,0
21415,0
44373,0
29254,0
9103,0
7925,0
19663,1
50243,1
6311,0
18100,0
27476,0
37895,0
15287,0
4940,0
7837,0
52416,1
7303,0
18986,1
18524,0
19021,0
23482,0
44981,1
36536,0
9648,0
53703,0
48977,0
31015,0
35872,0
19103,1
42131,0
9490,0
50843,1
903,0
5761,0
4009,0
36791,0
23668,0
1550,0
20169,0
7382,0
12269,0
41375,0
44524,0
15227,0
10946,0
33007,0
42827,0
29629,0
17117,0
5496,0
27460,0
17865,0
937,0
23929,0
19719,0
20515,0
48283,0
30183,0
1546,0
12409,0
20241,0
18677,0
32112,0
13021,0
40788,0
45408,0
25164,0
29665,0
53951,0
20966,0
43804,0
39646,1
29459,0
50479,0
21611,0
20846,0
34926,0
18682,0
23099,0
46080,0
30831,0
36149,0
17285,0
26216,1
1139,0
33484,0
12117,0
36908,0
28773,1
41940,0
14455,0
49165,0
9491,0
48885,0
49838,0
14728,0
48658,0
18077,0
54055,1
9044,0
33946,0
48524,0
29625,1
17313,0
33393,0
22464,0
42818,0
54058,1
34902,0
50513,1
9788,0
29282,0
46118,0
31687,0
36625,0
26979,0
21025,0
36487,0
35215,0
1864,0
5110,0
34685,0
38636,0
16415,0
16353,0
11937,0
39554,0
52948,1
42738,0
38148,0
48335,0
38507,0
3831,0
18571,0
31332,0
50347,1
37515,0
2256,0
52720,1
21774,0
11144,0
44246,0
48472,0
42653,0
14808,0
53391,1
6978,0
21801,0
9227,0
39859,1
24212,1
26861,0
26207,0
12678,0
36275,0
34804,0
2920,0
14276,1
44068,0
19113,0
15707,0
1824,1
15357,0
2584,0
25261,0
10159,0
26185,0
45882,0
17679,0
10633,0
26937,0
28608,0
41995,0
11451,0
19363,0
5974,0
15228,0
44597,0
8916,0
11221,0
29487,1
53020,1
30534,1
18122,0
1128,0
42416,0
21259,0
9844,0
38601,0
52401,0
6623,1
52626,0
37173,0
16520,0
41814,0
501,1
46418,0
44611,0
7123,0
11486,0
7518,0
49369,0
16390,0
28087,0
49917,0
37876,0
7501,0
2359,0
32660,0
1976,0
50289,1
1841,0
15629,0
53574,1
46533,0
974,0
24092,0
31464,0
2038,0
33095,0
10825,0
45086,0
1691,0
42215,0
26989,0
42443,0
34274,0
33801,0
14714,0
28898,0
52635,1
23789,0
22971,0
50234,1
40973,0
11108,0
28112,0
42519,0
44750,0
18845,0
24160,0
3762,0
21938,0
34860,0
42779,0
6897,0
5407,0
37834,0
10225,0
45476,0
1286,0
53358,1
33125,0
54286,1
5560,0
51115,0
45888,0
36263,0
35064,0
42236,0
2351,0
44344,0
48160,0
52445,1
23471,0
32613,0
30930,0
37586,1
13858,0
26851,0
54964,1
10362,0
42388,0
3015,0
26317,0
15674,0
8338,0
1265,0
23543,0
39721,1
11666,0
39902,0
48914,0
41004,0
31573,0
32963,0
41829,0
9225,1
27890,0
48020,0
49628,0
42052,0
16235,1
8183,0
35745,0
17070,0
13532,0
32182,0
26495,0
3813,0
17176,1
27529,0
43157,0
11805,0
9099,0
18822,0
19506,0
24256,0
20796,0
28096,0
10451,0
45620,1
40001,0
11824,0
26573,0
48821,0
30486,0
48470,0
27279,0
49351,0
21576,0
38117,0
38781,0
920,0
5935,0
12115,0
4402,0
34310,0
11988,0
42016,0
54894,1
12339,0
20683,0
29029,0
26552,0
13179,0
3315,0
38785,0
39144,0
20948,0
23423,0
33322,1
18830,0
49644,1
52508,0
25050,0
51707,1
29286,0
27608,0
13692,0
2529,0
12051,0
6431,0
45602,0
40641,0
32347,0
15725,0
30977,0
19717,0
15651,0
17839,0
38308,0
43878,0
622,0
3176,0
4595,0
39025,0
16339,1
31049,0
49650,1
50646,1
10093,0
54203,1
28316,0
37134,0
17460,0
33421,1
44559,0
633,0
25221,0
28748,1
48865,0
17828,0
46639,0
15167,0
54573,1
31870,0
137,0
32421,0
15594,1
43916,0
44428,1
14918,0
36732,0
152,0
36113,0
10937,0
49461,0
34330,1
53433,1
35842,0
18396,0
8460,0
48614,0
5394,0
40886,0
22677,0
36349,1
43135,0
40765,0
40465,0
21470,0
38988,0
10437,0
24146,0
13853,0
3625,0
29575,0
22614,0
48680,1
17281,0
49456,0
14326,0
17132,1
42937,0
48959,0
15500,0
8975,0
6323,0
50618,0
3253,0
3751,1
3268,0
8003,0
44784,0
37331,0
16236,0
49091,0
2139,0
26101,0
31905,0
53093,1
45157,0
3212,0
402,0
20658,0
15335,1
48251,0
26875,0
22429,0
29235,0
19320,0
9810,0
52733,0
49241,0
32567,0
22662,0
44456,0
51581,0
17993,0
32754,0
20403,0
54487,1
15116,0
17681,1
44791,0
8924,0
40463,0
43953,0
34824,0
30209,0
40988,0
700,0
27091,0
28701,0
18283,0
36605,0
30111,0
16115,0
39382,0
47386,0
23699,0
24793,0
39192,0
1953,0
19449,0
43746,0
46886,0
47302,0
11201,0
24486,0
11310,0
25269,0
21122,0
8297,0
41621,0
9212,0
24703,0
25834,0
36434,0
2268,0
21532,0
7586,0
31359,0
12078,0
8794,0
16273,0
5540,0
47585,0
28705,0
6945,0
36491,0
13479,0
3802,0
20717,1
44232,0
45428,0
26366,1
40599,0
16125,1
53696,1
4225,0
11484,0
5637,0
25343,0
20701,1
40850,0
18059,0
25589,0
3112,0
51558,1
32490,0
40588,0
2774,0
12642,0
5381,0
51720,1
13480,0
7531,0
39864,0
37779,0
26077,0
23020,0
3034,0
18899,0
9161,0
16676,0
39121,0
10745,0
24496,0
10701,0
32783,1
7573,0
52808,1
37738,0
3229,0
25477,0
4404,0
43573,0
10340,0
24439,0
16445,0
32767,0
1936,0
744,0
41727,0
9060,0
9382,0
28063,0
27432,0
52089,1
32599,0
31372,0
41166,0
6927,0
14130,0
36202,0
47479,0
44998,0
9909,0
23687,0
26208,0
47952,0
2614,0
46609,0
35447,0
16984,0
25567,0
13398,0
51059,1
40939,0
22552,0
26641,0
18295,0
34327,0
19381,0
48001,0
51202,1
33940,0
49113,0
45453,0
41259,0
742,0
18560,0
42461,0
34384,0
22223,0
44666,0
4195,0
46921,0
8909,1
16111,0
22055,0
12884,0
50254,1
32311,0
49715,0
21669,0
24326,0
33384,1
19872,0
1214,0
32031,0
44339,0
21767,0
1255,0
19789,0
41009,0
30451,0
12809,0
24682,0
10517,0
10356,0
25646,0
14636,0
41757,1
6802,0
28485,0
14117,0
35568,0
26899,0
52067,1
21500,0
25023,0
22852,0
15520,0
6348,0
28220,0
20028,0
54967,1
8395,0
11251,0
3296,0
15348,0
26746,0
36194,0
27759,0
42699,1
9246,0
1585,0
20224,0
9511,0
51020,1
33751,0
36652,0
23477,1
9252,0
24374,0
53769,1
5453,0
38258,0
22110,0
6149,0
27073,0
39566,0
15768,0
47070,0
44252,0
10893,0
52418,1
4580,1
36874,0
41150,0
48393,1
33183,1
10147,0
42336,0
12855,0
20684,0
50980,1
51247,1
23277,0
13797,0
738,0
28098,0
42203,0
46846,0
19729,0
48860,0
29386,0
13565,0
43868,0
18309,0
53075,0
24419,0
23654,0
22656,0
27089,0
12755,0
11866,0
4080,0
1990,0
40237,0
34812,0
11579,0
1164,0
24780,0
23228,0
35879,0
34664,0
52590,1
20277,0
34639,0
8851,0
32542,0
38391,0
38969,0
38830,0
26658,0
20557,0
25209,1
16098,0
11376,0
26898,0
9656,0
39232,0
50304,1
45119,0
5520,0
40658,0
53902,1
15370,0
17225,0
25628,0
22094,0
34996,0
4999,0
39455,0
5703,0
5645,1
20693,0
19443,0
18715,0
31150,0
37427,0
36693,0
41043,0
7687,0
23609,0
51362,1
28062,0
49618,0
1358,0
12780,0
50397,1
36399,1
12416,0
4191,0
44277,0
14986,0
36512,0
28616,1
41822,0
6566,0
51545,1
29220,0
52277,1
17951,0
27700,0
8616,0
27280,0
26715,0
40760,0
27178,0
40835,0
40121,0
33901,1
42358,0
30755,0
50634,1
44222,0
51954,1
8748,0
51556,1
37077,0
37975,1
1530,0
35127,0
35407,0
42222,0
7304,0
39843,0
12179,0
15314,0
6811,0
21515,0
26367,0
15549,0
40831,0
47301,0
41860,0
877,0
53859,0
18688,0
69,0
53234,1
51848,1
33236,0
50186,1
20695,0
53890,0
50919,0
9982,0
19080,0
43735,0
24622,0
46575,0
44076,1
57,0
46363,0
2661,0
44217,0
26874,0
47876,1
51776,1
21485,0
51589,1
1136,0
45467,1
47930,0
52059,1
23961,0
33687,0
10095,0
6494,0
47022,0
35231,0
50226,0
53593,1
6288,0
41591,0
48718,0
7598,0
48485,0
7681,0
34453,0
47374,0
35691,0
25622,0
31787,0
27145,0
28082,0
14948,0
44900,0
27769,0
39476,0
26660,0
26400,0
48145,0
38831,0
3626,0
15841,0
46161,1
44173,0
44364,0
22331,0
48015,0
18533,0
8332,0
4228,0
24626,0
49050,0
40420,0
6827,0
43734,0
27549,0
4101,0
2743,0
28209,0
41127,0
8517,0
24268,1
6374,0
28622,0
15620,0
443,0
39223,0
45454,0
27878,0
21145,0
39991,0
52163,1
32405,0
9845,0
33846,0
43740,1
36348,0
18681,0
47404,0
29256,0
41113,1
43118,0
25303,0
6390,0
540,0
4,1
7075,0
30908,0
15568,0
20011,0
17941,0
28010,0
52107,0
1799,0
33466,0
22598,0
31706,0
23415,1
370,0
39809,0
8853,1
33228,0
22606,0
45962,1
52908,1
18378,1
9376,0
1477,0
41623,0
19831,0
32793,0
32942,0
40488,0
10869,0
42415,0
13763,0
5185,0
18051,0
50779,0
26827,0
5879,0
34987,0
25341,0
11683,0
39900,1
53844,0
9312,0
40583,0
23008,0
35501,0
14665,0
40922,0
14211,0
30197,0
41633,0
12292,0
52378,1
51831,1
16333,0
31270,0
7405,0
19854,0
36880,0
52322,1
27538,0
32850,0
28867,0
3663,0
44087,0
52658,1
52516,1
1470,1
31814,0
12891,0
30278,0
50264,1
5534,0
24684,0
40330,0
34005,0
32545,0
29897,0
22919,0
11821,0
45733,0
11013,0
43700,0
1109,0
15136,0
26623,0
37028,0
9787,0
45181,0
1042,0
41424,0
13994,0
10298,0
43338,1
27964,0
5995,0
54403,1
33805,0
7349,0
54783,0
33219,0
6929,0
24934,0
50816,0
31571,0
7410,0
46068,0
22451,0
32258,0
7744,0
7653,0
6499,0
16024,0
2682,0
26284,0
21412,0
25815,0
17053,0
31322,0
7342,1
22354,0
18620,0
27263,0
37856,0
27500,0
9623,0
54488,1
16304,0
5055,0
10802,0
21070,0
19011,0
43275,0
10867,0
5490,0
54939,1
54201,1
6778,0
38862,0
14575,0
5184,0
21154,1
23514,1
45495,0
54968,0
37704,0
9019,0
42631,0
34691,1
23276,0
37078,1
54113,1
29562,0
42846,1
33355,0
21609,0
33276,0
23060,0
3707,1
34887,0
21456,0
11827,1
20668,0
42882,0
3295,0
17062,0
54715,1
2971,0
2273,0
45127,0
40674,0
15793,0
23960,0
53934,1
2751,0
32621,0
48248,0
10841,0
19964,0
41838,0
47972,0
53191,1
21727,0
39667,0
15129,0
23750,0
17942,0
26133,0
47296,0
46193,0
44604,0
33841,0
26957,0
9295,0
29797,0
49256,0
5759,0
48503,0
42724,1
33562,0
8211,0
30167,0
21004,0
44860,0
35072,0
50598,1
49450,0
23981,0
748,0
46423,0
51733,1
19206,0
36128,0
10065,0
29375,0
6261,0
54040,1
20733,0
8344,1
45236,0
13680,0
42480,0
40510,0
37132,0
51205,1
2258,0
14874,1
21954,0
51945,1
24999,0
53533,1
31088,0
24835,0
30761,0
40095,0
53953,0
4177,0
24779,0
32682,0
10068,0
9381,1
39275,0
22124,0
18892,1
11673,0
47164,0
19736,0
14708,0
42534,0
51721,1
42260,0
47626,0
49359,0
10457,0
117,0
2014,0
51828,1
49823,0
17763,0
26567,0
46786,0
24017,0
29177,0
17549,0
48152,0
31342,0
50147,1
22888,0
8307,0
12912,0
5485,0
6867,0
8355,0
19899,0
30796,1
8995,0
7709,0
8648,0
49551,0
28304,0
31354,0
7192,0
36104,0
34321,0
7362,0
228,0
15078,0
36711,0
51218,0
19512,1
20569,0
6412,0
30181,0
10809,0
18246,0
8471,0
14798,0
13784,0
7660,0
37179,0
46366,0
20002,0
39514,0
22941,0
48862,0
3077,0
3650,0
10786,0
50071,1
32779,0
42363,0
11979,0
49571,0
22467,0
36141,0
8756,0
8299,0
32243,0
7978,0
29986,0
9706,0
39698,0
14055,0
9305,0
54081,1
53472,0
43247,0
24168,0
25387,1
52482,1
33749,0
12686,0
39354,0
13472,0
9820,0
52814,1
50359,1
9594,0
18360,0
53291,1
25158,0
16614,0
19150,1
27630,0
16444,0
1467,0
23284,0
13898,0
53648,1
29598,0
28032,0
7463,0
17891,0
29148,0
26651,0
36868,0
12762,0
49820,0
46535,1
53610,1
52782,0
17519,0
36370,0
15296,0
11038,0
958,0
1172,0
12155,0
218,0
2205,0
39871,0
25500,0
23882,0
10955,0
27692,0
43336,0
50858,0
38568,0
46694,0
26925,0
23525,0
1416,0
6640,0
19095,0
38995,0
33065,0
13022,1
5800,0
17029,0
50752,1
33372,0
38043,0
45173,0
42155,0
40968,0
38657,0
46747,0
32146,0
20449,0
50143,1
4355,0
41518,0
39533,0
36527,0
23353,1
42129,1
5735,0
40393,0
34568,0
15739,0
47078,0
42643,0
497,0
7661,0
42153,0
14998,1
18297,0
22863,0
52611,1
47511,0
25329,1
12467,0
8810,0
40571,0
37597,0
15102,0
12564,0
6961,0
48966,0
5780,0
53979,1
16827,0
54120,0
1547,0
13198,0
43581,0
54830,1
47649,0
30437,0
14651,0
28129,0
27254,0
42489,0
44968,0
39771,0
24442,0
2126,0
48796,0
40313,0
48640,0
4076,0
25897,0
29609,0
1998,0
10172,1
7706,0
15797,0
51927,0
52562,1
6042,0
43486,0
32770,0
29069,0
28291,0
53734,0
10098,0
44098,0
22683,1
551,0
52999,1
54352,0
24689,0
15621,0
26591,0
36495,0
33735,0
31819,0
36724,0
34579,0
28491,0
47548,0
25390,0
12424,0
10240,0
40365,0
9647,1
37796,0
28945,0
6866,0
26311,0
34957,0
5152,1
9724,0
49487,0
11228,0
37338,0
143,0
42677,0
19940,0
43861,0
26254,0
13751,0
23369,0
27482,0
52343,1
955,0
416,0
29420,0
49849,0
11443,0
23189,0
42024,0
6293,0
7641,0
9975,0
11281,0
12310,0
26476,0
9147,0
31514,0
14077,0
19252,0
16584,0
21725,0
12794,0
9039,0
6532,0
46801,0
53922,1
10732,0
12174,0
51081,1
49049,0
18184,1
9389,1
53995,1
47802,0
33491,0
49952,0
20730,0
25497,0
49129,0
29010,0
37068,0
5883,0
37688,0
19911,0
48651,0
47855,0
38209,0
26223,0
1964,0
22705,0
49370,0
49326,0
1748,0
4473,0
12890,0
44469,0
45170,0
37755,0
31007,0
22128,0
8857,0
5902,0
54375,1
51747,1
19948,0
5728,0
11195,0
11851,0
16507,0
36036,0
7289,0
50997,0
21707,0
6600,0
4475,0
2155,0
50198,0
13914,0
29290,0
516,0
15717,0
1347,0
20231,1
49098,0
11085,0
33986,0
40847,0
51130,1
11442,0
49703,0
2031,0
47196,0
45090,0
37129,0
19427,0
4524,0
38707,0
122,0
1742,0
43589,0
49704,0
11569,0
16245,0
28859,0
9993,0
24106,0
17437,0
25333,0
12053,0
36239,0
424,0
37386,0
49222,0
32991,0
26772,0
19060,0
40453,0
49340,0
16585,0
24377,0
46417,0
6944,0
41548,0
49488,0
49938,0
40529,0
53117,1
21388,0
53709,0
13169,0
31438,0
13074,0
41121,1
45145,0
37986,0
25151,1
3221,1
2397,0
30479,0
4624,0
43292,0
40109,0
45445,0
53224,1
44569,0
45158,0
46133,0
20390,0
20376,1
51539,1
15837,0
23229,0
52927,0
54411,0
24183,0
26683,1
26378,0
28933,0
1724,0
40426,0
35557,1
31563,0
52470,1
11258,0
44234,1
50999,1
20654,0
39582,0
13899,0
47522,1
48320,0
37899,0
38435,0
20080,0
30904,0
43900,0
28392,0
39607,0
36454,0
33699,0
13630,0
53348,0
43167,0
19193,0
14158,1
15777,0
21732,0
29180,1
18692,1
44881,0
47667,0
44562,1
7602,0
5261,0
10976,0
1757,0
24948,1
27321,0
4750,0
51225,1
33485,0
17517,0
31232,0
46137,0
39237,0
39110,0
17788,0
25064,0
45903,0
131,0
38239,0
28820,0
5473,0
16001,0
54680,1
38222,0
26978,1
49112,0
26576,0
40889,0
47052,0
35363,0
10261,0
51664,1
39289,0
17567,0
9531,1
10263,0
43123,0
4308,0
2907,0
7079,0
53374,0
50863,0
41011,0
3109,0
46150,0
41411,0
28769,0
25738,0
40567,0
35514,0
21453,0
34692,0
22747,0
1468,0
49477,0
32760,0
50640,1
28677,0
30960,0
41469,0
3031,0
8706,0
18468,0
51162,1
33330,0
44175,0
47604,0
28824,1
19916,0
13766,0
20626,0
53680,0
14607,0
38122,0
41933,0
23708,0
34538,0
11133,0
24572,0
21627,0
7013,0
16561,0
3721,0
38178,0
45080,0
52767,1
29860,1
50373,0
8659,1
50091,0
47627,0
6379,0
10247,0
33550,0
5318,0
34533,0
42560,0
40563,0
25882,1
2952,0
46237,1
33101,0
47683,0
28343,0
54758,0
8950,0
14612,0
24338,0
40997,0
37625,0
39065,0
43482,0
49818,0
29507,0
5813,0
25362,0
22758,0
51114,1
14786,0
13494,0
53689,0
13841,0
46127,1
38859,0
3173,0
17142,0
18523,0
51724,1
52478,1
2206,0
27072,0
50751,1
54128,1
1473,0
6397,0
22104,0
23437,0
35919,0
49431,0
40084,1
28558,0
27888,0
36497,0
38256,0
17953,0
16569,0
47661,0
1734,0
13823,0
7370,0
43362,0
31974,0
11689,0
32761,0
46282,1
49325,0
37995,0
47506,0
43842,0
16824,0
9117,0
17305,0
5052,0
39728,0
34051,0
18963,0
41855,0
45935,0
2194,0
34157,0
50239,1
51971,1
22399,0
26386,0
7886,0
29334,0
48677,0
25593,1
9827,0
46884,0
53740,0
52042,1
27688,0
24186,0
17408,0
16231,0
18926,0
25954,0
42074,0
17713,1
25709,0
23444,1
21086,0
45817,0
3301,0
20072,0
30584,0
18489,0
3584,0
53969,1
21242,0
21296,0
51743,1
54993,1
11052,0
47925,0
30592,0
24817,0
47136,0
46221,0
4043,0
49545,1
24187,0
33268,0
619,0
54242,1
20210,0
25999,0
44434,0
12699,0
53033,1
40900,0
39490,0
4283,0
28602,0
1533,0
52792,1
7856,0
29602,0
756,0
4086,0
17748,0
39731,0
2290,0
22600,0
25994,0
34648,0
38023,0
6520,0
38905,1
19887,0
30868,0
9653,0
26368,0
31220,0
24535,0
22035,0
21659,0
24135,0
11539,0
1749,0
21172,0
42664,0
42174,0
19122,0
40712,0
23738,0
20766,0
35190,0
20249,0
32797,0
47109,1
26324,0
15262,0
54493,1
47305,0
749,0
26452,0
29825,0
43392,0
37346,0
21589,0
28856,1
30392,0
4290,0
5498,0
53630,1
12236,0
2111,0
31672,0
47447,0
17418,0
41921,0
34142,0
17853,0
38674,0
41604,0
3739,0
13758,0
48259,0
19118,0
19552,0
13694,0
42753,0
43718,0
23832,0
8144,0
14789,0
1552,0
9693,0
6563,0
25568,0
5572,0
13507,0
15816,0
51466,0
11919,0
36039,0
21634,1
49402,0
40910,0
40746,0
12287,0
19025,0
29921,0
21753,0
37781,0
36627,0
22966,0
30601,1
15822,0
2350,0
11102,0
43443,0
38574,0
37868,1
33660,0
22473,0
2926,0
22497,0
6172,0
6407,0
7357,0
37400,1
22048,1
23343,0
25115,0
44009,0
13471,1
11644,0
24832,0
10521,0
30567,0
19315,0
14231,0
51509,1
46160,0
46743,0
3983,0
32691,1
30200,0
52956,1
29590,0
28402,0
3067,0
7922,0
40421,0
21795,0
873,0
14029,0
40776,0
46962,0
27791,0
49963,0
52606,1
343,1
13113,0
28093,0
3796,0
8169,0
9198,0
27396,0
43727,0
49286,0
46530,0
32083,0
10036,1
51262,0
17254,0
4248,1
8596,0
9029,0
19861,0
27161,0
30115,0
14936,0
42520,0
31660,0
45177,0
25903,0
22988,1
54243,1
42008,0
48292,0
35722,0
43651,0
43744,0
17076,0
5138,0
41327,1
43831,0
41473,1
27517,0
16297,0
54888,0
15144,0
2319,0
45190,0
32669,0
53159,0
8625,0
39903,0
38845,0
34219,0
23823,0
49860,0
32907,1
13810,0
15839,0
33301,0
18495,0
20174,0
46692,0
45234,0
48915,0
24115,0
53029,0
25102,0
40158,0
38980,0
29929,0
45727,0
23475,0
24873,0
8862,0
19210,0
8229,0
21146,0
1739,0
23226,0
30927,0
14760,0
28055,0
36045,0
27000,0
5993,0
584,0
26213,0
31200,0
13803,0
43347,0
185,0
3756,0
46214,0
44014,0
25735,0
40059,0
33088,1
9657,0
2528,1
44183,0
20777,0
52651,1
46821,0
10874,0
13690,0
12146,1
46235,0
25353,0
35521,0
50093,1
8001,0
53342,1
33449,1
6660,0
18088,0
3998,0
11833,0
10628,0
48989,1
47965,0
23288,0
38359,1
35650,0
10237,0
46966,0
16514,0
49518,0
45906,0
41363,0
42995,1
50076,1
1722,0
45520,0
7466,0
26540,0
53301,1
37837,0
22496,0
53700,0
9205,0
21121,0
23625,0
5260,0
52971,0
17967,0
4431,0
48218,0
53381,1
19835,0
51470,1
859,0
14015,0
24182,0
3263,1
3361,0
46753,0
53411,1
2580,0
39585,0
2714,0
21886,0
11529,0
7909,0
53160,0
40130,0
20721,0
25877,0
45952,0
54693,1
31182,0
18708,0
35388,0
5553,0
53436,1
25899,0
13782,0
12513,0
4507,0
29484,0
8598,0
54740,0
1745,0
27060,0
12387,1
26644,0
13927,0
13442,0
51800,1
51319,1
22561,0
22884,0
39486,0
50309,0
53682,1
44974,0
51813,1
6256,0
42267,0
31115,0
52807,0
22284,0
9552,0
52346,1
54853,1
12289,0
29139,0
13321,1
27395,0
3994,1
1316,0
37112,0
26052,0
48219,0
12806,0
48477,0
41560,0
54308,0
21590,0
51035,1
33414,0
18928,0
27507,0
11115,0
35487,0
4082,0
13687,0
27066,0
15742,0
1821,0
25851,0
882,0
445,0
53570,1
21552,0
51140,1
11772,0
45615,1
54570,1
38173,0
28768,0
37114,0
25160,0
31134,1
5252,0
28678,0
49474,1
27684,0
12722,0
53305,1
15718,0
43330,0
40963,0
49158,0
63,0
11355,0
52826,1
28257,0
11157,0
25751,0
13462,0
24825,0
12196,0
43077,0
23362,0
7182,0
13838,0
23671,0
38946,0
31558,0
26643,0
46626,0
31317,0
10927,1
39334,0
21559,0
19852,0
53312,0
48128,0
40810,0
7842,0
42025,0
6190,0
12590,0
27094,0
28308,0
4951,0
35145,0
29777,0
54386,1
42105,1
5070,0
29149,0
27786,0
36750,0
52428,0
54825,1
47691,0
203,0
6592,0
16129,0
10343,0
51491,1
49166,0
1935,0
31965,1
19433,0
18633,1
27614,1
41782,0
49178,0
12545,0
13571,0
54237,1
49802,0
11097,0
26322,0
45278,0
54871,0
12622,1
27651,0
8349,0
33244,0
16005,0
40689,0
49811,0
33138,0
40611,0
35238,1
50153,1
3184,1
7168,1
27508,0
47957,0
1342,0
32692,0
19249,0
7783,0
29144,0
3873,0
12311,0
44617,0
41805,0
10338,0
1190,0
9748,0
22817,0
44740,0
28822,0
18856,0
4087,0
16975,0
24764,0
5035,1
32167,0
32508,0
31650,0
47201,0
31430,0
47529,0
29889,0
22642,1
22139,0
24048,0
2315,0
13826,1
23889,0
6344,0
47418,0
43781,0
43030,0
6919,0
12081,0
2934,0
52236,1
31363,0
1011,0
10449,0
2633,0
12787,0
40785,0
51465,1
2778,0
19281,0
52852,1
8492,0
18832,0
3727,0
38392,0
50431,1
10992,1
27933,0
31310,0
11665,0
17912,0
30405,0
39330,0
17486,0
23329,0
24446,0
7180,1
16067,0
30941,0
26073,0
33733,0
15041,1
43008,0
15050,0
27595,0
30920,1
911,0
49462,0
26173,0
6122,0
44078,0
3415,0
44454,0
16224,0
46803,0
823,0
52677,0
26464,0
52647,1
39875,0
23146,0
29456,0
7461,0
1874,0
5389,0
305,0
29365,0
26634,0
51359,1
26585,0
18637,0
53137,0
43626,0
42881,1
5603,0
43530,0
15068,0
10540,0
34653,0
43284,0
25518,0
40778,1
36087,0
33190,0
13279,0
9597,0
50371,1
35964,0
45336,0
38221,0
52260,0
26983,0
45140,0
23280,0
4077,0
22208,0
22471,0
24526,1
32263,0
32896,0
28372,0
28987,1
48649,0
13941,0
31596,0
49261,0
43669,0
42189,0
19784,0
22734,0
46176,0
19631,0
27555,0
50213,1
8736,0
31485,0
27207,0
36110,0
3657,0
40411,0
46590,0
3889,0
25400,0
20631,0
36130,0
35106,0
34189,0
54250,1
400,0
48798,0
13405,0
42270,0
47920,0
30272,0
35598,0
26336,0
29899,0
52028,1
38683,0
42172,0
39456,0
54234,1
198,1
53323,1
20265,1
44531,1
29898,0
37486,0
18057,0
38597,0
37909,0
30591,0
30480,0
44668,0
1323,0
25120,0
51694,0
5410,0
34474,0
51863,1
25878,0
52057,0
6352,0
1203,0
12916,0
1892,0
221,0
25279,0
36905,0
40232,0
48072,0
51858,1
15705,0
43460,0
50126,1
20696,0
1097,1
39186,0
42799,0
810,0
52871,1
7932,0
7784,0
16903,0
40802,0
22141,0
21222,0
22342,0
30067,0
7736,0
41126,0
51273,1
11467,0
17349,0
47397,0
37746,1
22571,0
16166,1
12354,0
33653,0
34875,0
31456,0
372,0
47408,0
3280,0
40506,0
6146,0
19032,0
36212,0
31367,0
3242,0
42546,0
30340,0
35171,0
54748,0
29392,1
28115,0
14481,0
31297,0
35143,1
44170,0
31832,0
37998,0
14700,0
31188,0
43253,0
22045,0
30225,0
12405,0
44987,0
43675,0
43859,0
20708,0
51917,1
46180,0
30373,0
8080,0
23941,0
35868,0
1886,0
34428,0
26682,0
4765,0
27213,0
38970,0
40233,0
32543,0
52730,0
51879,1
44802,0
44927,0
23138,0
26436,0
26437,0
9622,0
35048,0
49167,1
12213,0
52969,0
6184,0
23142,0
10276,0
18616,0
22109,1
20352,0
42127,0
50696,1
21992,0
23063,0
52172,1
30791,0
3660,0
14970,0
44833,0
35475,0
17335,0
44004,0
53102,1
49220,0
31999,0
40061,0
13935,0
50535,1
8587,0
30934,0
23821,0
30778,0
27443,0
21960,0
37531,0
6535,0
26766,0
24330,0
12585,0
38135,0
13150,1
44185,0
2818,0
34702,0
37475,0
6306,0
17301,0
28285,0
11088,0
27411,0
22753,1
50259,0
45970,0
4876,0
33747,0
26891,0
3187,0
48019,0
37141,0
40151,0
22805,0
29153,0
13089,0
34356,0
41178,0
38185,0
49888,0
46763,0
45284,1
31743,0
49853,0
5398,0
42770,0
36076,0
7497,1
39460,0
25959,0
23442,1
47578,1
48824,0
10694,0
31490,0
26846,0
13880,0
11978,0
40803,0
36336,0
21769,0
33178,0
54190,1
32742,0
51037,1
20281,0
22526,0
20937,1
9521,0
24739,0
21773,0
12105,0
28064,0
31976,0
8336,0
21249,0
43084,0
35449,0
53530,1
50915,1
25473,0
6208,0
11014,1
44963,0
37421,0
48855,0
53461,0
41426,0
2815,0
33386,0
29022,0
44515,0
11015,0
22983,0
45325,0
14774,0
44519,0
5421,0
47988,0
39244,0
20956,0
51698,1
48391,0
21451,0
35962,1
1300,0
982,0
22704,0
12858,0
45877,0
10396,0
19703,0
39536,0
5865,1
51812,1
35372,0
10827,0
205,0
8139,0
46523,0
8320,0
37372,0
8326,0
20054,0
46638,1
42313,0
9258,0
42843,0
35200,0
1779,0
36882,0
3507,0
29356,0
52404,1
49486,0
53222,1
50404,0
21740,0
34817,0
51254,1
14406,0
40620,0
22513,0
3030,1
16616,0
19907,0
8112,0
1138,0
782,0
45018,0
54296,1
50994,1
44851,0
27718,0
38109,1
36777,0
8500,0
52246,1
44571,0
15159,0
38552,0
38796,0
36556,0
4971,0
17327,0
18422,0
20414,0
38585,0
2449,0
22153,0
32558,0
36662,0
4193,0
30810,0
40490,0
6274,0
28988,0
1135,0
34873,0
34729,0
32718,0
41129,0
30417,0
18590,0
31106,0
30307,0
20833,0
34290,0
36616,1
41062,0
12785,0
4793,0
46687,0
1317,0
52831,0
22432,0
12790,0
12529,0
50809,1
46368,0
45653,0
17992,0
8932,0
6697,0
50177,0
2047,0
32479,0
32782,0
33623,0
22113,0
38722,1
12817,0
33812,0
54641,0
42484,0
39043,0
34145,0
40940,0
44941,0
26710,0
12851,0
39825,0
14347,0
41468,0
35863,0
1028,0
24743,0
8951,0
23354,0
48975,0
53477,1
45309,0
23888,0
1379,0
34558,0
13249,0
12878,0
53396,1
33755,0
13493,0
42064,0
53113,1
8347,0
37751,0
49995,0
2516,0
43965,1
49219,0
42399,0
17728,0
17591,0
47423,0
16449,0
35556,0
14392,0
32951,0
35014,0
39177,0
34161,0
49017,0
34036,0
23818,0
30345,0
15110,0
6709,0
52139,0
7104,0
28061,0
18836,0
50286,1
16408,0
44007,0
4340,0
52259,1
54655,1
13683,0
39087,0
13168,0
28396,1
5631,0
5288,0
10544,0
4941,0
44474,0
18839,0
17400,0
18098,0
9492,0
30121,0
37290,0
26763,0
4180,0
44873,0
29667,0
19783,0
23486,0
28919,0
27982,0
17948,0
1534,0
12283,1
46795,0
48400,0
32528,0
41303,0
45836,0
432,0
47673,0
23826,0
19656,0
13141,0
47295,0
31409,0
17382,0
47406,0
4525,0
5760,0
7313,0
10510,0
9269,0
26029,0
18285,0
36219,0
33160,0
141,0
47337,0
15035,0
26295,0
45282,0
28929,0
17718,0
17379,0
45910,0
26653,0
30079,0
14547,0
35496,0
54948,0
7908,0
24663,0
46820,0
54829,1
6081,0
46766,0
45498,0
17236,0
20135,0
51186,0
32500,0
5256,0
11145,0
45146,0
35533,0
14541,0
12842,0
27440,1
37172,1
9825,0
25781,0
29565,0
37398,0
15468,0
30730,0
13780,0
17470,0
38596,0
41956,0
535,0
46556,1
3566,0
8837,0
35044,0
25201,0
28620,0
720,0
44779,0
25317,0
32012,0
34183,0
48691,0
14935,0
3273,0
27717,0
39356,0
24637,0
5172,0
54979,1
14923,0
19407,0
24786,0
27753,0
49880,0
38494,0
22353,0
54781,1
41479,0
5068,0
45951,0
3462,0
35047,0
34606,0
25732,0
30959,0
8123,0
45166,0
13506,1
31289,0
1618,0
9386,0
53987,1
38792,1
6948,1
969,0
20074,0
10498,0
24154,0
33060,0
45020,0
20405,0
3740,0
14001,0
54956,1
52048,1
51038,0
41812,0
1557,0
354,1
54453,1
3135,0
34114,0
42057,0
24327,0
24673,0
45776,0
50969,0
47674,0
12521,0
14661,0
22137,0
32992,0
10005,0
25438,0
17324,0
24810,1
45845,1
28500,0
32866,0
20856,0
14275,0
50141,0
12905,0
48859,1
17300,0
16002,1
23623,0
51257,1
17544,0
37617,0
6849,0
4232,0
32964,0
22289,0
32807,0
35105,0
14658,0
375,0
7725,0
42993,0
16542,0
8147,0
20718,1
43251,0
12220,0
5862,0
37182,0
37252,0
24921,0
6004,0
48751,0
53672,1
20561,0
30288,0
29734,0
38770,0
54490,1
42322,0
9868,0
20216,1
28121,1
8931,1
49347,0
28687,0
40193,0
47209,0
53438,1
35412,0
44579,0
14466,0
12379,0
29677,0
20487,0
25370,0
22191,0
51237,1
4700,0
34236,0
12687,0
3046,0
4704,1
22364,0
15184,0
21771,0
38395,0
40341,0
29,0
39245,0
16110,0
48221,0
46972,0
7390,0
15950,0
15927,0
15423,0
31760,0
49108,0
36060,0
54417,1
32153,0
6814,0
41750,0
18503,0
34285,0
1900,1
31636,0
38383,0
11542,0
38609,0
7786,0
31792,0
47457,0
3999,0
49969,0
27017,0
4492,0
26917,0
11944,0
26187,0
30198,0
33953,0
38035,0
18245,0
24251,0
42001,1
35062,0
8396,0
23274,0
9105,0
41304,0
29175,0
47660,0
16839,0
20356,0
38306,1
13211,0
1223,0
16318,0
27625,0
30541,0
8261,0
48315,1
21586,0
8459,0
30617,0
33697,0
43474,0
14166,0
51660,1
10241,0
36342,0
36794,0
26584,0
36204,0
26194,0
20416,0
25963,0
49621,0
42418,0
7949,1
50078,1
46303,0
24544,0
26085,0
1823,0
12127,0
6427,0
38081,0
20350,0
29928,0
40168,0
9771,0
39019,0
27378,0
10453,1
31947,0
38684,0
6380,0
13283,0
10713,0
33947,0
53729,1
2196,0
38230,0
14078,0
6333,0
14656,0
11354,0
21680,1
23536,0
23432,0
45725,0
14431,0
46097,0
43003,0
22185,0
21803,0
41445,0
6294,0
16411,0
6491,0
15413,0
41646,0
15661,0
4303,1
41096,0
46468,1
23410,0
49776,0
44275,0
16727,0
32088,0
24815,0
7280,0
29058,0
14704,0
4850,1
54867,0
42374,0
19626,1
10692,0
14259,0
36294,0
14110,0
2337,0
48955,0
42767,1
12543,0
18210,0
50215,1
8684,0
52357,1
3823,0
4103,0
40787,0
22543,0
13991,0
51472,1
54972,1
22682,0
30192,0
9322,0
34806,0
22762,0
30286,0
20111,0
34107,1
27099,0
53146,1
41408,0
40590,0
40156,0
18678,0
30122,0
12121,0
11112,0
44027,0
52175,1
30432,0
39146,0
36354,0
39254,0
35763,0
28242,0
41260,0
52595,1
54249,0
42471,0
37281,0
17311,1
28577,0
2147,0
35721,0
30119,0
20215,0
35097,0
16410,0
50406,1
45634,0
19855,0
31050,0
5961,0
8865,0
24358,0
50300,1
14358,0
52446,0
11340,0
577,0
23282,0
27221,0
15317,0
29671,0
53892,0
12054,0
34135,0
51872,1
20737,1
11568,1
40239,0
18189,0
17153,0
31648,0
7722,0
38237,0
37815,0
50435,1
17916,0
45134,0
8967,0
53726,1
17908,0
49183,0
48567,0
4774,0
50449,0
20184,1
15449,0
6106,0
50883,0
3119,0
5366,0
24417,0
24123,0
44551,0
26099,0
4256,1
24384,1
2167,0
44156,1
41818,0
24519,0
23588,1
9296,0
1549,0
12172,0
49812,0
35038,0
53235,1
11263,0
36287,1
27267,0
33018,0
42465,0
1145,0
37110,0
50892,0
759,0
36744,0
49503,0
46359,0
35340,0
7648,0
43773,0
609,1
5377,0
46019,0
30347,0
6139,0
4184,0
36154,0
44580,0
19318,0
3172,0
18250,0
29201,0
11275,1
40854,0
8304,0
17162,0
54112,1
13514,0
28830,0
40122,0
39074,0
25726,0
28884,0
46603,0
18553,0
33129,1
7841,0
44472,0
15834,0
54937,1
22478,0
12895,0
2877,0
46910,0
16190,0
38143,0
23120,0
45396,1
45051,1
54133,0
50757,0
30171,0
30650,0
30060,0
35977,0
34162,0
6277,0
22548,0
36671,0
17405,0
10460,0
40010,0
13053,0
36468,0
29755,1
25717,0
47533,0
46001,0
52928,1
49521,0
51750,1
26818,0
33869,0
21677,0
26990,0
30517,0
21561,0
6813,0
21141,0
6064,0
16478,0
11702,0
17936,0
30571,0
25873,0
17845,0
22638,0
13963,0
41218,0
7642,0
9882,0
49138,0
27061,0
37558,0
30189,0
23414,0
47702,0
44397,0
44886,0
38591,0
35015,0
51652,1
10061,0
26440,0
26538,0
23727,0
51691,1
40969,0
49215,0
12853,0
17333,0
27182,0
7007,0
40088,0
1295,0
34072,0
38700,0
9885,0
23494,1
2336,0
35091,0
5465,0
35797,0
34853,0
45740,0
16472,0
13760,0
29090,0
54014,1
38645,0
30546,0
45699,1
27936,0
18419,0
30102,0
38307,0
26768,1
32483,0
26196,0
692,0
34891,0
2806,0
9942,0
18752,0
880,0
7515,1
38798,0
16134,0
28700,0
49747,0
45167,0
30814,0
24903,0
1833,0
39733,0
18916,1
8238,0
30413,0
14680,0
7717,0
36853,0
45489,0
42286,0
9799,0
31638,0
725,1
40728,0
8788,0
14504,1
39540,0
27896,0
4495,0
19312,0
19274,0
41640,0
18624,0
28288,0
19234,0
13890,0
29949,0
54057,0
42504,1
49862,0
33415,1
29537,0
329,0
30262,0
13361,0
7307,0
16985,0
15044,1
48164,0
40135,0
23413,1
16536,0
52620,1
10189,1
21213,0
19498,0
42108,0
33791,0
50577,0
38571,0
15678,0
40844,0
15539,0
11131,0
15647,0
9888,0
26536,0
4768,0
28881,0
20412,0
54145,0
898,1
52460,0
20688,0
993,0
31137,0
31185,0
1301,0
54887,0
15422,0
51092,0
29936,0
33203,0
27087,0
11089,0
18012,0
52997,0
25388,1
43045,0
40400,0
19220,1
32825,1
20765,0
39133,0
2136,0
25597,0
7986,0
6292,0
12450,0
34818,0
11248,0
5562,0
32833,0
9367,0
28421,0
52901,1
36280,0
28059,1
54344,1
47480,0
22173,0
32316,0
10704,0
3782,0
20623,0
43182,0
40137,0
24568,0
42350,0
29014,0
8509,0
9689,0
41128,0
32190,0
45189,0
38336,0
37605,0
49958,0
6165,0
30469,0
26070,0
48079,0
27765,0
29150,0
169,0
48753,0
10106,0
27109,0
22154,0
24881,0
27047,0
45675,1
50250,1
40537,0
37629,0
33438,0
44197,0
32216,0
39616,1
6951,0
32920,0
37579,0
50824,1
9371,0
41105,0
21197,0
26305,0
25272,0
24280,0
27036,0
15257,0
33137,0
51761,1
23839,0
24196,0
19931,0
4797,0
27189,0
4652,0
33765,0
42187,0
4240,0
51022,1
32571,0
19502,0
17571,0
36053,0
50747,1
41625,0
681,1
16205,0
27660,1
26631,0
53226,1
32717,0
11873,0
35102,0
47014,0
39035,0
24318,0
21831,0
49900,0
7647,0
24758,0
22729,0
39337,0
50145,1
7407,0
45758,0
26124,0
49528,0
24503,0
36492,1
27581,0
41741,0
31950,0
38188,0
19554,0
46755,0
26044,0
31457,0
11098,1
22512,0
47843,0
52106,0
44427,0
51227,1
36757,0
22749,0
5725,0
30084,0
21909,0
8621,0
5877,0
35698,0
29750,0
17659,0
13016,0
17623,0
42959,1
28311,0
47312,0
52395,1
53218,1
46653,0
47420,0
5874,1
11045,0
23308,0
6326,0
11796,0
45000,0
50538,1
50131,0
29304,0
2716,0
27701,0
23661,0
19508,0
47643,0
34831,0
30304,0
25243,0
16930,0
18792,0
42488,0
19432,0
29663,0
365,0
31546,0
52197,1
16553,0
22188,0
20353,0
29385,0
43992,0
22222,0
51451,1
51139,0
48434,0
18260,0
32966,0
9462,0
36584,0
35083,0
33042,0
31307,1
40057,0
11762,1
26687,0
11246,0
35045,0
26375,0
53254,1
26837,0
42775,1
7558,0
9221,0
15255,0
54388,1
38867,0
22773,0
54392,1
43614,0
39053,0
14081,0
2276,0
36042,0
35900,0
39572,0
32922,0
38968,0
6135,0
33606,0
7727,0
37433,0
25273,0
15729,0
49593,0
17762,0
26069,0
31009,0
30727,0
29185,0
31762,0
50020,1
21937,0
6749,0
37423,1
25771,0
20115,0
22858,0
44538,0
21463,0
48725,0
254,0
32737,0
50058,1
16285,0
34432,0
30888,0
3791,0
14843,0
47223,1
32069,0
23908,0
39663,0
48642,0
41845,0
8855,0
6112,0
48249,0
49501,0
6512,0
40461,0
21351,0
17388,0
31096,0
32515,0
21839,0
33834,0
46634,0
35923,0
41250,0
27553,0
45596,0
3326,0
31345,0
50664,1
14299,0
34129,0
17990,1
15570,0
34067,0
9102,0
45782,0
41143,0
40842,0
9028,0
47797,0
23093,0
54267,1
39813,0
53190,1
841,0
6750,1
4274,0
20664,0
18765,0
30823,0
51562,1
26230,0
19682,0
18207,0
23455,0
16683,0
37900,0
16370,0
54068,1
33682,0
39877,0
40063,0
20809,0
23597,0
26332,0
41293,0
50191,0
5518,0
41856,0
47422,0
47565,0
23349,0
10374,0
24364,0
43411,0
18211,0
11150,1
16732,0
25416,0
51976,1
4208,0
16176,1
16105,0
47441,0
44276,0
54298,1
46186,0
50688,1
23646,0
24618,0
12217,0
47080,0
12410,0
5660,0
35095,0
42873,0
42343,0
29085,0
39123,0
45224,0
12193,0
39968,0
40816,0
31714,0
36413,0
20532,0
18085,0
47409,0
29877,0
20946,0
53621,1
18905,0
11277,0
19181,0
45516,0
24198,0
52127,1
25574,0
3731,0
31476,0
49294,0
37142,0
20176,0
23702,0
19533,0
42318,0
24621,0
16094,0
24426,0
23691,0
337,0
11447,0
2946,0
36617,0
27423,0
50016,1
16040,0
32897,1
36539,0
32472,0
33918,0
29835,0
49041,0
27041,0
14062,0
26589,0
29869,0
24395,0
171,0
24465,1
17817,0
16760,0
25662,0
28163,0
52686,1
21620,0
30645,0
45202,0
25711,0
46354,1
7570,0
31527,0
14270,0
50343,1
51659,1
5309,0
32519,0
39752,0
23535,0
20244,0
22854,0
20061,0
11501,0
30886,0
44321,0
37988,0
49857,0
49360,0
3145,0
1070,0
42192,1
49123,0
6879,0
33220,0
9433,1
29277,0
50450,1
25319,0
44346,1
37698,0
9384,1
962,0
21304,0
29013,1
30522,0
38983,0
52061,0
22057,0
30742,0
39096,0
37059,0
40164,0
22111,0
8845,0
29449,0
9436,0
5710,0
54415,1
2069,0
37092,0
35214,0
46874,0
23305,0
5269,0
16262,0
54858,1
14965,0
30708,0
39345,0
8693,0
20575,0
33996,0
8927,0
11651,0
46667,0
20830,0
23172,0
48478,0
30682,0
27225,0
25356,0
36126,0
20076,0
20832,0
23988,0
4158,0
9524,0
8458,0
916,0
19590,0
48740,0
29033,0
24460,0
4003,0
12313,1
38749,0
12297,0
27381,0
29801,0
43403,0
7219,0
54514,0
14357,0
31236,0
45399,0
15710,0
46151,0
44639,0
39018,0
1561,0
10966,0
23716,0
23561,0
29288,1
2611,0
53021,1
5963,0
50792,1
32230,0
44915,0
34139,0
23718,0
32501,0
38366,1
10306,0
18031,0
51387,1
189,0
8416,0
14059,0
36669,0
24089,0
49532,0
1881,0
12614,0
10755,0
43244,0
5555,0
51532,1
45953,0
24081,1
25372,0
586,0
10420,0
39716,0
17,0
8295,0
6646,0
4937,0
17017,0
12072,0
48110,0
46144,0
10555,0
27129,0
37799,0
34911,0
40688,0
24887,0
4442,0
41875,0
53604,1
17051,0
44176,0
37302,0
30487,0
166,0
53733,1
33852,0
46994,0
12002,0
10539,0
42718,0
53994,1
28005,0
34777,0
48568,0
54200,1
40570,1
22376,0
11081,0
4094,0
33069,0
48850,0
40700,0
13956,0
51403,1
37875,0
48781,1
7712,0
36651,0
52696,1
40815,0
37235,0
17497,0
41476,0
20048,0
14053,0
32908,0
22934,0
11463,0
12480,0
35078,0
41177,0
48615,0
47560,0
23522,0
29794,0
1804,0
31548,0
47960,0
2127,0
21309,0
27058,0
4136,0
14701,0
42755,0
53559,1
9455,0
13443,0
6964,0
1396,0
7302,0
2918,0
21461,1
25989,0
10858,0
42469,0
41811,0
32393,1
44577,0
11732,1
11733,0
28509,0
300,0
362,0
11661,0
12907,0
37032,0
38810,0
42562,0
11657,0
53925,1
4026,0
26955,0
25632,0
13166,0
11139,0
6001,0
35933,0
32177,0
17654,0
28336,0
13653,0
46429,0
15976,0
14832,0
29679,0
39402,0
5148,0
26976,0
8381,0
25363,0
34423,0
26988,0
49771,0
28734,0
28639,0
26654,0
41771,0
37524,0
30565,0
812,0
11902,0
50791,0
44374,0
4190,0
25286,0
36877,0
246,0
29125,0
33708,0
22388,0
31453,0
45072,0
13039,0
7373,0
5698,0
542,0
25818,0
33781,0
31487,0
39069,0
7186,0
29521,0
32071,0
49490,0
44694,0
30152,0
32559,0
19093,0
19987,0
14813,0
4334,0
23388,0
22812,0
39180,0
12680,0
3524,0
21751,0
16747,0
16539,1
52389,1
15292,0
40664,0
18672,0
37149,0
29388,0
53354,1
5166,0
23545,0
9785,0
20100,0
26627,0
50617,1
16645,0
33435,0
38077,0
17743,0
46126,1
31801,0
602,0
46073,0
39211,1
32134,0
42990,0
18175,1
14683,0
35602,0
22,0
7277,0
31592,0
5965,0
30022,0
39682,0
20630,1
38530,0
7835,0
24808,1
29499,0
32341,0
13593,0
26557,0
13300,0
42435,0
2976,0
33388,0
19285,0
35914,0
30768,1
25414,0
17242,0
45138,0
41392,0
52400,0
50984,0
45635,0
51009,1
25560,0
35675,0
50907,1
6481,0
24481,0
4410,0
52192,1
29349,0
410,0
17361,0
27062,0
4267,0
13253,1
31916,0
45594,0
45519,0
1273,0
10269,0
2766,0
19929,0
29093,0
23381,0
45528,0
54207,0
41407,0
7921,0
4568,0
41454,0
28390,0
39889,0
30498,0
43690,0
20931,1
18008,0
4173,0
28882,0
53245,1
18474,0
24007,0
33873,0
47759,0
47500,0
19276,0
51291,1
12114,0
52594,1
50709,0
38738,0
29121,0
21735,0
31663,0
10015,0
10954,0
26168,0
12341,0
45947,0
32202,0
37294,0
39924,0
49868,0
26430,0
22702,1
40017,0
31732,0
38876,0
11837,0
10569,0
1034,0
4127,0
50400,1
54932,1
54549,1
46855,0
40265,0
28493,0
6540,0
31226,0
51860,0
5441,0
34562,0
29578,0
41967,0
18316,0
39213,0
4000,0
45147,0
43999,0
2657,0
27585,0
34923,0
36591,0
47037,0
36215,0
20363,0
17047,0
9670,0
53493,1
35024,0
41142,0
13154,1
33072,0
10464,0
48105,0
39420,0
52862,1
44614,1
47995,0
17296,0
24156,0
53147,0
18886,0
51753,1
29126,0
19124,0
5225,0
26822,1
1200,0
10705,0
44457,0
24931,0
32924,0
20519,0
33036,0
52230,1
10291,0
48233,0
49315,0
43456,0
37791,0
49024,0
41898,0
26252,0
10330,0
25713,0
47613,0
30466,0
45214,0
41007,0
35519,0
3436,0
17498,1
36502,0
7401,0
21028,0
247,0
42658,0
46838,0
37426,0
17642,0
18952,0
32913,0
53699,1
35130,0
47417,0
33418,0
19301,0
3182,0
43972,0
47463,0
8504,0
5232,0
51167,1
49872,0
24193,0
41817,0
40347,0
11917,1
33413,0
50,0
1163,0
32785,0
33957,0
45279,0
46098,0
30694,0
39194,0
9807,0
51596,1
40355,0
4816,1
19197,0
4477,0
26146,0
23443,1
24052,0
37462,0
47056,0
50935,1
13913,0
33348,0
12873,0
9032,0
35470,0
31206,1
25758,0
23506,0
9394,0
50388,1
35641,0
10402,0
47486,1
45172,0
48575,1
21011,0
48976,0
39981,0
15944,1
34740,0
43747,0
44895,0
4388,0
31540,0
8127,0
23311,0
21853,0
42600,0
31062,0
23367,0
2708,0
23162,0
16348,0
42748,0
1060,0
35836,0
41453,0
7021,0
29640,0
38872,1
24570,0
51197,0
42425,0
8234,0
52607,1
34404,0
4785,0
3068,1
22235,0
10133,0
54636,1
34470,0
31844,1
33655,0
7379,0
54618,1
32262,0
48654,1
13867,0
10481,0
3420,0
31403,0
33149,0
50442,1
7622,0
13840,0
18024,0
53743,1
47755,0
35658,0
11036,0
37291,0
204,0
16979,0
15626,0
22783,0
34973,0
10242,0
48130,0
27240,0
42141,0
16182,0
7794,0
43873,0
52846,1
51802,1
789,0
24428,0
19468,0
34447,0
664,0
31384,0
33346,0
7675,0
11343,0
51215,0
18516,0
21031,0
17632,0
29927,0
32696,0
6330,0
48854,0
54330,1
14157,0
25282,0
8803,0
35799,0
9735,0
3836,0
12103,0
31432,0
21744,0
13,0
16046,0
40999,0
8811,0
34242,0
39225,0
42043,0
18133,0
18398,0
26393,0
28833,0
14522,0
52907,1
2137,0
24576,0
23709,0
36979,0
46142,0
17578,0
24722,0
14066,0
2866,0
29997,0
2220,0
31225,0
16610,0
19537,0
36590,0
41788,0
53601,1
19072,0
38050,0
2759,0
6284,0
5551,0
47687,0
28759,0
54079,0
35687,0
10043,0
48000,0
20682,0
51896,1
3352,0
47910,1
27520,1
32015,0
53671,1
37445,1
50100,1
774,0
22604,0
23905,1
48285,0
43382,0
740,0
17635,0
35462,0
50074,1
44142,1
49260,0
53059,1
25321,0
48662,0
11360,0
26554,0
44541,0
25095,0
24172,0
36529,0
26004,0
19885,0
8066,0
52632,1
2197,0
37033,0
28490,0
26134,0
3430,0
9340,0
1222,0
2523,0
7235,0
28213,0
19652,0
36473,0
54141,1
31381,0
43024,1
17138,0
27373,0
35073,0
24474,0
29187,0
4873,0
50540,1
35249,0
